account_id,shipments,revenue,leakage,cost,margin,margin_pct,leak_pct_of_rev,segment,category,primary_service,negotiated_discount,contract_age_months,density_in3_per_lb,price_elasticity,risk_score,priority_tier,lever_a_dim_correction_recovery,recommended_price_increase_pct,expected_volume_change_pct,lever_b_net_revenue_gain,total_recommended_recovery
A100172,70,3258.2400000000002,1001.36,835.07,2423.17,0.7437051905323119,0.30733156550775875,SME,Home & Bulky,Ground,0.2835571581935758,37,328.07144431688295,-0.562228405435137,0.4891,Tier 1 - Act Now,1001.36,2.67,-1.5,36.75,1038.1100000000001
A100620,79,3659.42,913.94,890.99,2768.43,0.7565215252690316,0.2497499603762345,Mid-Market,Home & Bulky,Ground Economy,0.2862570245893825,29,348.4734808852443,-0.3361928899818896,0.3975,Tier 1 - Act Now,913.94,4.46,-1.5,105.93,1019.8700000000001
A100469,69,3520.22,921.45,774.13,2746.09,0.7800904488923989,0.2617592082313038,SME,Home & Bulky,Express,0.1906495140661624,18,325.53712491004626,-0.5915971202790928,0.4166,Tier 1 - Act Now,921.45,2.54,-1.5,35.11,956.5600000000001
A100809,59,2872.04,800.38,686.01,2186.03,0.7611419061015864,0.27867996267461453,Enterprise,Home & Bulky,Ground Economy,0.266170090468335,28,352.7201599385499,-0.239824590375197,0.4435,Tier 1 - Act Now,800.38,6.25,-1.5,133.86,934.24
A100802,81,3066.81,836.0,836.96,2229.85,0.7270910163981466,0.27259595475428866,Mid-Market,Home & Bulky,Ground,0.3246513170214741,31,317.43722566285464,-0.48803686665217,0.4339,Tier 1 - Act Now,836.0,3.07,-1.5,46.84,882.84
A100380,68,4408.22,793.81,811.5,3596.72,0.8159120915017852,0.18007495088720615,SME,Home & Bulky,Ground,0.1155271736995179,10,351.47960972124633,-0.5697305914776222,0.2866,Tier 1 - Act Now,793.81,2.63,-1.5,48.2,842.01
A100602,68,2810.84,604.87,650.58,2160.26,0.768546057406327,0.21519189993026994,Enterprise,Home & Bulky,Ground,0.234730688536518,3,297.495147822785,-0.2024197227898359,0.3425,Tier 1 - Act Now,604.87,7.41,-1.5,163.01,767.88
A100410,74,2255.45,708.55,786.29,1469.16,0.6513822075417324,0.3141501695892172,Mid-Market,Home & Bulky,Express,0.4623559472265033,33,334.740903841026,-0.480935470138471,0.5389,Tier 1 - Act Now,708.55,3.12,-1.5,35.46,744.01
A100237,68,3671.12,656.29,752.15,2918.9700000000003,0.7951170215084226,0.17877105624441586,Mid-Market,Home & Bulky,Ground Economy,0.1877804033912551,8,316.6055688743271,-0.4257889107465832,0.2845,Tier 1 - Act Now,656.29,3.52,-1.5,72.32,728.6099999999999
A100189,67,3104.0099999999998,670.46,654.27,2449.7400000000002,0.7892178182415651,0.215998015470311,SME,Home & Bulky,Ground Economy,0.1535643606669799,33,255.5951341782261,-0.4941482963219964,0.3438,Tier 1 - Act Now,670.46,3.04,-1.5,46.25,716.71
A100726,72,3410.81,638.89,734.88,2675.93,0.7845438473559067,0.1873132774912704,SME,Home & Bulky,Express,0.1918148752271334,18,286.9262551285942,-0.4459572921638614,0.2981,Tier 1 - Act Now,638.89,3.36,-1.5,61.84,700.73
A100648,87,2859.03,608.01,876.33,1982.7,0.693486951868291,0.21266303606467926,Mid-Market,Home & Bulky,Ground,0.4273257831789157,31,296.835551890196,-0.3923668239460278,0.3437,Tier 1 - Act Now,608.01,3.82,-1.5,64.77,672.78
A100645,65,3279.61,580.11,721.39,2558.22,0.7800378703565362,0.176883836797668,Mid-Market,Home & Bulky,Ground,0.245948417949888,37,346.088693732096,-0.37085853175112,0.2815,Tier 1 - Act Now,580.11,4.04,-1.5,81.47,661.58
A100849,73,2891.9,536.62,721.77,2170.13,0.7504166810747259,0.1855596666551402,Enterprise,Home & Bulky,Ground,0.3289508999763814,11,320.08395193561125,-0.2578634634993937,0.2953,Tier 1 - Act Now,536.62,5.82,-1.5,122.32,658.94
A100639,76,4666.75,647.23,959.3,3707.45,0.7944393850109819,0.13868966625595971,Mid-Market,Home & Bulky,Ground,0.2433684650384294,8,387.824311588667,-0.4262894841230222,0.2207,Tier 2 - Monitor,647.23,0.0,0.0,0.0,647.23
A100758,65,2643.31,624.4,652.42,1990.89,0.7531806712039073,0.23621898301750457,SME,Home & Bulky,Ground,0.2939771369436879,39,302.11184894360366,-0.6449442793050449,0.376,Tier 1 - Act Now,624.4,2.33,-1.5,20.91,645.31
A100394,61,2659.0,612.29,718.72,1940.28,0.7297028958254983,0.23027077848815342,SME,Home & Bulky,Ground,0.3557128676271321,26,342.9066344203797,-0.5987006653008122,0.3665,Tier 1 - Act Now,612.29,2.51,-1.5,25.73,638.02
A100137,54,1999.61,583.65,582.5,1417.1100000000001,0.7086931951730588,0.2918819169738099,SME,Home & Bulky,Ground,0.3755912031299442,25,312.7409391023356,-0.4729499126566832,0.4646,Tier 1 - Act Now,583.65,3.17,-1.5,32.47,616.12
A100607,66,2681.12,591.99,621.62,2059.5,0.7681491317061527,0.22079951661992003,SME,Home & Bulky,Ground Economy,0.2356190021475276,23,283.6754210202548,-0.7074752045726997,0.3514,Tier 1 - Act Now,591.99,2.12,-1.5,15.78,607.77
A100381,59,2964.01,459.75,615.18,2348.83,0.7924500929484043,0.15511081271655627,Enterprise,Home & Bulky,Express,0.1974608200530891,3,276.4952448684318,-0.2372655817599017,0.2469,Tier 1 - Act Now,459.75,6.32,-1.5,140.11,599.86
A100688,65,2649.74,499.42,662.73,1987.01,0.749888668322175,0.18847886962494437,Mid-Market,Home & Bulky,Ground Economy,0.3264136802378153,28,297.21737296505194,-0.3108652338311142,0.3,Tier 1 - Act Now,499.42,4.83,-1.5,86.19,585.61
A100439,61,2659.48,455.12,569.62,2089.86,0.7858152721584671,0.17113119858017356,Mid-Market,Home & Bulky,Ground,0.1941193540315663,27,277.17810504866554,-0.2699024419367181,0.2724,Tier 1 - Act Now,455.12,5.56,-1.5,105.69,560.81
A100453,76,2580.3,531.22,780.23,1800.07,0.6976204317327441,0.20587528581947834,SME,Home & Bulky,Ground,0.4137376966919648,12,284.74912669039986,-0.5750587564522346,0.3296,Tier 1 - Act Now,531.22,2.61,-1.5,27.59,558.8100000000001
A100426,67,2807.97,512.66,704.79,2103.18,0.7490037286723149,0.1825731756393409,SME,Home & Bulky,Ground,0.3204132882654866,30,319.43800930778013,-0.6988242648683617,0.2906,Tier 1 - Act Now,512.66,2.15,-1.5,17.25,529.91
A100724,68,2913.87,488.73,650.02,2263.85,0.7769221001623271,0.16772539612268222,SME,Home & Bulky,Express,0.2271675869210972,9,272.55920063926686,-0.5812235224916713,0.267,Tier 1 - Act Now,488.73,2.58,-1.5,30.36,519.09
A100169,73,2445.76,385.58,648.8,1796.96,0.7347245845872039,0.15765242705743815,Enterprise,Home & Bulky,Ground,0.3478332939570504,28,254.56187349196352,-0.2199010117654722,0.2509,Tier 1 - Act Now,385.58,6.82,-1.5,127.64,513.22
A100138,81,3493.91,498.37,803.09,2690.82,0.7701457679218985,0.14263962151286097,Mid-Market,Home & Bulky,Ground Economy,0.2736199558648565,26,305.6139799247695,-0.350904871612285,0.227,Tier 2 - Monitor,498.37,0.0,0.0,0.0,498.37
A100499,67,2450.86,460.33000000000004,670.55,1780.31,0.7264021608741421,0.18782386590829342,SME,Home & Bulky,Ground,0.3737433854227337,5,295.4820853662785,-0.5293104409303337,0.2989,Tier 1 - Act Now,460.33000000000004,2.83,-1.5,31.65,491.98
A100395,71,2545.77,446.46999999999997,755.79,1789.98,0.7031192920020269,0.17537719432627455,SME,Home & Bulky,Ground,0.4291583619377472,32,300.98067889073445,-0.4954545698893746,0.2791,Tier 1 - Act Now,446.46999999999997,3.03,-1.5,37.73,484.2
A100240,69,2280.9,433.25,630.77,1650.13,0.7234556534701214,0.1899469507650489,Mid-Market,Home & Bulky,Ground Economy,0.3596408502207068,33,241.91433832780368,-0.4172772152374016,0.3023,Tier 1 - Act Now,433.25,3.59,-1.5,46.55,479.8
A100503,60,2260.03,443.05,561.32,1698.71,0.7516316155095286,0.19603722074485735,SME,Home & Bulky,Ground,0.2972470584636779,41,280.17335025366367,-0.4948415017605821,0.312,Tier 1 - Act Now,443.05,3.03,-1.5,33.58,476.63
A100686,70,2748.37,444.26,720.15,2028.22,0.7379719615626718,0.1616449022511525,SME,Home & Bulky,Ground,0.3483906001175473,18,301.45008859094787,-0.5920021994467051,0.2573,Tier 1 - Act Now,444.26,2.53,-1.5,27.37,471.63
A100088,71,2374.4700000000003,421.55,609.16,1765.31,0.7434543287554696,0.17753435503501833,SME,Home & Bulky,Express,0.3030449284299556,14,256.50111203225714,-0.4584879364777519,0.2826,Tier 1 - Act Now,421.55,3.27,-1.5,40.9,462.45
A100207,64,3074.7400000000002,458.83,666.74,2408.0,0.7831556489329179,0.14922562558134994,Mid-Market,Home & Bulky,Ground Economy,0.2632277856747298,40,278.6977585829123,-0.3243772147776045,0.2375,Tier 2 - Monitor,458.83,0.0,0.0,0.0,458.83
A100076,81,3024.93,456.76,772.13,2252.8,0.7447445064844477,0.15099853550330092,SME,Home & Bulky,Ground Economy,0.3267555484080824,38,277.5841779282583,-0.7203645012603206,0.2403,Tier 2 - Monitor,456.76,0.0,0.0,0.0,456.76
A100236,66,3966.87,453.84999999999997,695.8,3271.07,0.8245972265287242,0.1144101016670574,SME,Home & Bulky,Express,0.0957172378389566,19,324.5761530325054,-0.5983026141603018,0.1821,Tier 2 - Monitor,453.84999999999997,0.0,0.0,0.0,453.84999999999997
A100566,81,3462.87,448.64,802.76,2660.11,0.7681807287019149,0.1295572747460921,Mid-Market,Home & Bulky,Ground Economy,0.2857155347090163,4,260.9920965163787,-0.3396588895696436,0.2062,Tier 2 - Monitor,448.64,0.0,0.0,0.0,448.64
A100446,55,1972.36,360.87,560.95,1411.4099999999999,0.7155945162140785,0.1829635563487396,Enterprise,Home & Bulky,Ground Economy,0.3939326025674903,16,294.04857686168737,-0.2737191809669041,0.2912,Tier 1 - Act Now,360.87,5.48,-1.5,76.88,437.75
A100105,58,1955.1,368.38,586.07,1369.03,0.700235282082758,0.18842002966600174,Mid-Market,Home & Bulky,Ground,0.4219510917664629,37,308.0256764674012,-0.2979898177473086,0.2999,Tier 1 - Act Now,368.38,5.03,-1.5,67.61,435.99
A100424,58,3157.6,427.93,736.37,2421.23,0.7667944008107423,0.1355238155561186,SME,Home & Bulky,Express,0.3370508186019649,4,332.4037879509593,-0.648302942043637,0.2157,Tier 2 - Monitor,427.93,0.0,0.0,0.0,427.93
A100337,73,3229.58,422.26,708.13,2521.45,0.7807361947993237,0.13074765139739533,Mid-Market,Home & Bulky,Ground,0.241574149108482,14,288.6904690172728,-0.3353841670389542,0.2081,Tier 2 - Monitor,422.26,0.0,0.0,0.0,422.26
A100101,66,3098.81,422.09000000000003,660.42,2438.39,0.7868794795421468,0.1362103517156586,Mid-Market,Home & Bulky,Ground Economy,0.2347062182207727,15,311.83929948784,-0.4134351932280084,0.2168,Tier 2 - Monitor,422.09000000000003,0.0,0.0,0.0,422.09000000000003
A100505,61,2842.15,409.78000000000003,652.72,2189.43,0.7703428742325351,0.14417958235842585,Mid-Market,Home & Bulky,Ground Economy,0.2802222086059792,17,262.76556798557084,-0.4670693276911635,0.2295,Tier 2 - Monitor,409.78000000000003,0.0,0.0,0.0,409.78000000000003
A100630,72,2761.83,409.75,634.5600000000001,2127.27,0.7702392978568557,0.14836177462045094,Enterprise,Home & Bulky,Ground,0.2381502397589615,17,239.777169610799,-0.2340485816213019,0.2361,Tier 2 - Monitor,409.75,0.0,0.0,0.0,409.75
A100745,64,2332.88,373.84,582.96,1749.92,0.7501114502246151,0.16024827680806555,SME,Home & Bulky,Ground Economy,0.3126521338409599,1,271.5644000340637,-0.5099957505957462,0.2551,Tier 1 - Act Now,373.84,2.94,-1.5,32.59,406.42999999999995
A100316,85,3604.5,386.46,760.51,2843.9900000000002,0.7890109585240672,0.10721598002496878,SME,Home & Bulky,Ground Economy,0.2181882388481314,21,281.11088487733883,-0.6272997397079333,0.1706,Tier 2 - Monitor,386.46,0.0,0.0,0.0,386.46
A100031,74,2554.84,384.77,710.19,1844.65,0.7220217313021559,0.1506043431291196,Enterprise,Home & Bulky,Express,0.3891062565866877,33,276.9229044222797,-0.1944115649076583,0.2397,Tier 2 - Monitor,384.77,0.0,0.0,0.0,384.77
A100154,74,3333.41,379.41,743.6,2589.81,0.7769251307219934,0.113820382131211,SME,Home & Bulky,Express,0.2683702403138491,31,256.66240805850623,-0.5456504864796587,0.1812,Tier 2 - Monitor,379.41,0.0,0.0,0.0,379.41
A100327,66,1960.16,333.38,621.5,1338.66,0.6829340462003102,0.17007795282017793,SME,Home & Bulky,Ground Economy,0.4609906217275028,40,272.14981108187044,-0.4287526010291999,0.2843,Tier 1 - Act Now,333.38,3.5,-1.5,38.15,371.53
A100119,68,2420.14,364.12,668.29,1751.85,0.7238630823010239,0.15045410596081218,Mid-Market,Home & Bulky,Express,0.3950148263232333,18,280.41787841129803,-0.3828352179303421,0.2395,Tier 2 - Monitor,364.12,0.0,0.0,0.0,364.12
A100030,75,3464.9700000000003,363.27,737.05,2727.92,0.787285315601578,0.1048407345518143,Mid-Market,Home & Bulky,Ground,0.2544256537567686,11,314.58229274572034,-0.3745938574050754,0.1669,Tier 2 - Monitor,363.27,0.0,0.0,0.0,363.27
A100258,85,3217.99,362.64,783.83,2434.16,0.756422487329047,0.11269146268322773,SME,Home & Bulky,Ground Economy,0.3278617669531787,32,270.5818548700766,-0.5880613842388207,0.1794,Tier 2 - Monitor,362.64,0.0,0.0,0.0,362.64
A100009,64,2563.45,360.89,647.37,1916.08,0.7474614289336636,0.14078292925549551,SME,Home & Bulky,Ground Economy,0.3491205201131493,28,316.0021842685921,-0.5358216490835728,0.2241,Tier 2 - Monitor,360.89,0.0,0.0,0.0,360.89
A100235,54,2109.96,324.29,527.37,1582.59,0.7500568731160779,0.153694856774536,Mid-Market,Home & Bulky,Ground,0.3316980234023887,9,254.3800105307828,-0.4738501053025785,0.2446,Tier 1 - Act Now,324.29,3.17,-1.5,34.14,358.43
A100145,68,2356.2,358.12,628.81,1727.3899999999999,0.7331253713606655,0.15199049316696378,SME,Home & Bulky,Express,0.3584768544204992,18,294.9524307376849,-0.5148301189888614,0.2419,Tier 2 - Monitor,358.12,0.0,0.0,0.0,358.12
A100049,74,2032.75,343.39,648.25,1384.5,0.6810970360349281,0.16892879104661174,SME,Home & Bulky,Ground,0.4486842262645503,16,252.09411548400223,-0.6733958044973524,0.284,Tier 1 - Act Now,343.39,2.23,-1.5,14.11,357.5
A100388,73,2846.45,357.28000000000003,596.79,2249.66,0.790338843120378,0.12551775018004885,SME,Home & Bulky,Ground Economy,0.184173660514121,4,251.61503151761224,-0.3847220468244839,0.1998,Tier 2 - Monitor,357.28000000000003,0.0,0.0,0.0,357.28000000000003
A100211,66,2751.77,354.73,656.35,2095.42,0.7614807923627338,0.128909756265967,SME,Home & Bulky,Ground Economy,0.30448697104676,30,306.9500346981107,-0.5751352336775507,0.2052,Tier 2 - Monitor,354.73,0.0,0.0,0.0,354.73
A100326,73,3637.35,350.08,690.7,2946.65,0.8101090079315986,0.09624589330144198,Mid-Market,Home & Bulky,Ground Economy,0.1600050665915655,8,260.0126408713268,-0.3666078098848496,0.1532,Tier 3 - Healthy,350.08,0.0,0.0,0.0,350.08
A100276,64,1753.85,308.15,617.9399999999999,1135.91,0.6476665621347323,0.17569917609829802,SME,Home & Bulky,Express,0.5144597792260228,20,305.91420697877777,-0.477760629569019,0.3215,Tier 1 - Act Now,308.15,3.14,-1.5,27.93,336.08
A100362,69,2943.9,334.54,751.08,2192.82,0.7448690512585346,0.1136383708685757,SME,Home & Bulky,Ground Economy,0.3887692185117782,12,312.4994982660787,-0.4923520179477777,0.1809,Tier 2 - Monitor,334.54,0.0,0.0,0.0,334.54
A100693,70,3811.08,332.15999999999997,703.65,3107.43,0.815367297458988,0.087156396611984,SME,Home & Bulky,Express,0.1314427095556529,6,286.1246293356247,-0.4209852879659412,0.1387,Tier 3 - Healthy,332.15999999999997,0.0,0.0,0.0,332.15999999999997
A100399,70,2939.58,329.51,638.58,2301.0,0.7827648847794583,0.11209424475605359,SME,Home & Bulky,Ground,0.2365148847228498,23,237.8897980750105,-0.5136926566265617,0.1784,Tier 2 - Monitor,329.51,0.0,0.0,0.0,329.51
A100224,69,1940.1200000000001,298.18,825.46,1114.66,0.5745314722800652,0.15369152423561427,SME,Home & Bulky,Ground,0.6259531228996824,30,359.2197800851769,-0.538818955032024,0.345,Tier 1 - Act Now,298.18,2.78,-1.5,24.1,322.28000000000003
A100201,59,2524.84,322.26,590.92,1933.92,0.7659574468085106,0.12763581058601733,Enterprise,Home & Bulky,Ground,0.3032125930573688,18,316.3709534151681,-0.1875263987403669,0.2031,Tier 2 - Monitor,322.26,0.0,0.0,0.0,322.26
A100387,80,2674.23,321.76,727.53,1946.7,0.727947857888065,0.12031874595678008,Enterprise,Home & Bulky,Ground,0.3935733360280163,18,280.98089422939853,-0.1702651460740619,0.1915,Tier 2 - Monitor,321.76,0.0,0.0,0.0,321.76
A100192,56,1925.16,297.99,562.32,1362.84,0.7079099918967774,0.15478713457582746,SME,Home & Bulky,Ground Economy,0.4180673294327426,25,288.4101007472618,-0.5459704041769442,0.2464,Tier 1 - Act Now,297.99,2.75,-1.5,23.22,321.21000000000004
A100730,72,2779.89,318.08,686.77,2093.12,0.7529506563209336,0.11442179366809478,SME,Home & Bulky,Ground,0.3324697277651346,3,285.82088299124894,-0.5887367502788058,0.1821,Tier 2 - Monitor,318.08,0.0,0.0,0.0,318.08
A100524,72,2704.37,317.07,717.62,1986.75,0.7346442979326054,0.11724357244016166,SME,Home & Bulky,Ground Economy,0.3876614551776525,10,297.2969646933205,-0.5504089275032484,0.1866,Tier 2 - Monitor,317.07,0.0,0.0,0.0,317.07
A100576,67,3000.9,316.90999999999997,722.11,2278.79,0.7593688560098637,0.10560498517111531,Enterprise,Home & Bulky,Express,0.3666328772170417,2,335.9838799291311,-0.2388111284707727,0.1681,Tier 2 - Monitor,316.90999999999997,0.0,0.0,0.0,316.90999999999997
A100472,72,2504.83,316.36,731.59,1773.24,0.7079282825580978,0.126299988422368,SME,Home & Bulky,Ground,0.4415482416497693,18,248.44574194728315,-0.5744339907318711,0.201,Tier 2 - Monitor,316.36,0.0,0.0,0.0,316.36
A100344,78,2582.96,314.26,671.12,1911.84,0.7401740638647133,0.12166661504630347,Mid-Market,Home & Bulky,Ground Economy,0.3459287641534908,5,265.45072182440657,-0.4023475406452733,0.1936,Tier 2 - Monitor,314.26,0.0,0.0,0.0,314.26
A100382,60,1710.12,278.67,550.48,1159.64,0.6781044605056956,0.16295347694898604,Mid-Market,Home & Bulky,Ground,0.470123586382721,30,275.86494309022186,-0.4314924946134059,0.2769,Tier 1 - Act Now,278.67,3.48,-1.5,32.91,311.58000000000004
A100313,78,2598.64,308.62,642.26,1956.38,0.7528476433826926,0.11876212172521011,SME,Home & Bulky,Ground,0.2905431245338388,40,219.4853251347334,-0.5770270482023682,0.189,Tier 2 - Monitor,308.62,0.0,0.0,0.0,308.62
A100642,63,1873.27,288.55,536.25,1337.02,0.7137358736327385,0.1540354567147288,SME,Home & Bulky,Ground Economy,0.3968603765496369,35,258.03823843422066,-0.6028249453324233,0.2452,Tier 1 - Act Now,288.55,2.49,-1.5,17.81,306.36
A100099,74,1671.18,234.06,656.92,1014.26,0.606912481001448,0.14005672638494956,Enterprise,Home & Bulky,Ground Economy,0.565824360573656,13,241.4838816669032,-0.2571832386726141,0.2974,Tier 1 - Act Now,234.06,5.83,-1.5,70.94,305.0
A100077,51,2094.43,295.73,515.4399999999999,1578.99,0.7538996290160092,0.14119832126163206,Mid-Market,Home & Bulky,Ground Economy,0.3314933911581013,38,300.52023574881554,-0.3845647096035159,0.2247,Tier 2 - Monitor,295.73,0.0,0.0,0.0,295.73
A100529,68,2370.55,288.87,536.2,1834.35,0.7738077661302228,0.12185779671384277,SME,Home & Bulky,Ground,0.228229102549974,35,217.0805365565577,-0.4604680884807732,0.1939,Tier 2 - Monitor,288.87,0.0,0.0,0.0,288.87
A100086,81,3856.59,284.73,823.97,3032.62,0.7863475246266779,0.07382947111308176,Mid-Market,Home & Bulky,Ground Economy,0.2829289615526895,14,279.4350895044232,-0.3871726551475874,0.1175,Tier 3 - Healthy,284.73,0.0,0.0,0.0,284.73
A100627,57,2599.13,284.51,473.56,2125.57,0.8178005717297712,0.10946355126523105,SME,Home & Bulky,Ground,0.05,15,210.49139081995503,-0.5076402110684486,0.1742,Tier 2 - Monitor,284.51,0.0,0.0,0.0,284.51
A100125,67,2882.01,283.71,641.08,2240.93,0.7775580237403755,0.09844171255477946,SME,Home & Bulky,Ground Economy,0.2657996096474029,4,243.54140503422784,-0.5693583104856427,0.1567,Tier 3 - Healthy,283.71,0.0,0.0,0.0,283.71
A100134,72,2992.04,283.67,694.44,2297.6,0.7679041724041122,0.09480822448897742,SME,Home & Bulky,Ground,0.3036235895877798,29,285.60532389456114,-0.6881406137976118,0.1509,Tier 3 - Healthy,283.67,0.0,0.0,0.0,283.67
A100557,47,1937.42,282.52,411.45,1525.97,0.7876299408491705,0.14582279526380443,SME,Home & Bulky,Ground,0.189822026258649,34,217.19882381004444,-0.5013851541272203,0.2321,Tier 2 - Monitor,282.52,0.0,0.0,0.0,282.52
A100814,67,2160.47,282.23,600.18,1560.29,0.722199336255537,0.1306336121306938,SME,Home & Bulky,Ground Economy,0.3921225372799792,16,255.49720899896028,-0.6685738741359764,0.2079,Tier 2 - Monitor,282.23,0.0,0.0,0.0,282.23
A100804,67,2928.08,281.18,657.82,2270.26,0.7753408376820307,0.09602879702740363,SME,Home & Bulky,Ground Economy,0.2826557033650485,11,274.6561504231539,-0.4778034545189376,0.1528,Tier 3 - Healthy,281.18,0.0,0.0,0.0,281.18
A100713,80,2789.06,281.14,756.35,2032.71,0.7288154431959155,0.10080098671236903,Enterprise,Home & Bulky,Ground Economy,0.4025670953303659,27,272.4168674276496,-0.2508445080755789,0.1604,Tier 2 - Monitor,281.14,0.0,0.0,0.0,281.14
A100000,64,2790.72,277.15,614.25,2176.47,0.7798955108359132,0.0993112888430226,Mid-Market,Home & Bulky,Ground,0.2614811551072988,7,296.28072594461344,-0.3173612997613391,0.1581,Tier 3 - Healthy,277.15,0.0,0.0,0.0,277.15
A100290,66,2697.58,274.34000000000003,619.03,2078.55,0.7705239510969092,0.10169855944958076,Mid-Market,Home & Bulky,Ground Economy,0.288836056605028,10,251.3835147769167,-0.5072118102930664,0.1619,Tier 2 - Monitor,274.34000000000003,0.0,0.0,0.0,274.34000000000003
A100579,63,1867.42,254.32999999999998,674.05,1193.37,0.6390474558481755,0.1361932505810155,SME,Home & Bulky,Ground,0.5434093080797732,36,297.0421500215698,-0.6014959319229319,0.2655,Tier 1 - Act Now,254.32999999999998,2.49,-1.5,17.86,272.19
A100897,72,2625.42,270.59000000000003,714.5600000000001,1910.86,0.7278302138324534,0.10306541429561747,SME,Home & Bulky,Ground Economy,0.4137522921749758,27,303.8501489935746,-0.5596327072494868,0.164,Tier 2 - Monitor,270.59000000000003,0.0,0.0,0.0,270.59000000000003
A100270,64,2850.03,267.26,711.13,2138.9,0.7504833282456675,0.09377445149700178,SME,Home & Bulky,Express,0.374387700411218,1,328.5928958785623,-0.4424186587786965,0.1493,Tier 3 - Healthy,267.26,0.0,0.0,0.0,267.26
A100298,72,2053.58,265.2,656.72,1396.8600000000001,0.6802072478306178,0.12914033054470728,Mid-Market,Home & Bulky,Ground Economy,0.4621626978082208,17,248.79146385454027,-0.4594306120477734,0.2214,Tier 2 - Monitor,265.2,0.0,0.0,0.0,265.2
A100386,62,2614.47,263.83,614.38,2000.0900000000001,0.7650078218529952,0.10091146580377668,Mid-Market,Home & Bulky,Ground,0.321323667280167,41,305.3370568940225,-0.374016328972974,0.1606,Tier 2 - Monitor,263.83,0.0,0.0,0.0,263.83
A100129,53,1832.47,261.88,505.9,1326.57,0.7239245390101884,0.1429109344218459,SME,Home & Bulky,Ground,0.402571364142531,40,328.7381432498344,-0.4827388696244509,0.2275,Tier 2 - Monitor,261.88,0.0,0.0,0.0,261.88
A100179,64,2422.6,261.19,641.64,1780.96,0.7351440601007183,0.10781391893007512,Mid-Market,Home & Bulky,Ground Economy,0.3952872167148881,41,309.25339699900115,-0.3841534895562239,0.1716,Tier 2 - Monitor,261.19,0.0,0.0,0.0,261.19
A100522,70,2871.97,260.52,704.4,2167.57,0.7547328140614283,0.09071125394763872,SME,Home & Bulky,Ground,0.3746667032616485,12,310.806520059186,-0.6103482805589017,0.1444,Tier 3 - Healthy,260.52,0.0,0.0,0.0,260.52
A100644,75,2471.5,259.58,729.71,1741.79,0.7047501517297188,0.10502933441230021,Mid-Market,Home & Bulky,Ground,0.4504513697115551,9,299.59866150838235,-0.42838535759022,0.1672,Tier 2 - Monitor,259.58,0.0,0.0,0.0,259.58
A100083,55,1954.51,258.59000000000003,419.95,1534.56,0.7851379629677003,0.13230426040286314,SME,Home & Bulky,Ground,0.1465388503062804,10,229.48291015194923,-0.5710007153547998,0.2106,Tier 2 - Monitor,258.59000000000003,0.0,0.0,0.0,258.59000000000003
A100447,80,3987.18,256.13,779.22,3207.96,0.80456864249921,0.06423838402078662,SME,Home & Bulky,Ground,0.2038266641065653,31,267.98651087390243,-0.7168636258848544,0.1022,Tier 3 - Healthy,256.13,0.0,0.0,0.0,256.13
A100480,55,2895.41,253.82,560.65,2334.7599999999998,0.806365937811916,0.08766288712134034,SME,Home & Bulky,Ground,0.1951257389292288,1,269.92692121294124,-0.5389590367352097,0.1395,Tier 3 - Healthy,253.82,0.0,0.0,0.0,253.82
A100164,74,2840.65,252.76,616.36,2224.29,0.7830214915600302,0.08897963494270678,SME,Home & Bulky,Ground,0.2218090154049196,4,242.18675715729412,-0.4008204017121686,0.1416,Tier 3 - Healthy,252.76,0.0,0.0,0.0,252.76
A100753,77,1372.35,209.27,415.15,957.2,0.6974897074361498,0.15249025394396476,SME,Apparel/Soft Goods,Express,0.2404321158329413,8,294.7414688404152,-0.3213136604733609,0.2447,Tier 1 - Act Now,209.27,4.67,-1.5,42.52,251.79000000000002
A100736,54,2852.22,251.46999999999997,596.28,2255.94,0.7909417927088374,0.08816641072568035,SME,Home & Bulky,Ground,0.2591752052800883,23,336.5846999375899,-0.5177613972740011,0.1403,Tier 3 - Healthy,251.46999999999997,0.0,0.0,0.0,251.46999999999997
A100018,67,2677.18,250.14000000000001,576.53,2100.65,0.7846502663250137,0.09343413591913881,Mid-Market,Home & Bulky,Ground,0.2249463792814258,22,248.5002677926091,-0.4515440297521692,0.1487,Tier 3 - Healthy,250.14000000000001,0.0,0.0,0.0,250.14000000000001
A100626,68,2498.64,242.49,632.21,1866.43,0.7469783562257869,0.09704879454423207,Mid-Market,Home & Bulky,Ground Economy,0.3595142819031726,19,268.8751753542478,-0.3261131872764905,0.1545,Tier 3 - Healthy,242.49,0.0,0.0,0.0,242.49
A100886,70,1943.8600000000001,242.41,627.49,1316.3700000000001,0.6771938308314385,0.12470548290514748,SME,Home & Bulky,Ground Economy,0.4768206447063832,27,264.0487050088454,-0.5609328493308148,0.2167,Tier 2 - Monitor,242.41,0.0,0.0,0.0,242.41
A100670,58,2365.74,239.67000000000002,542.7,1823.04,0.7706003195617439,0.1013086814273758,SME,Home & Bulky,Ground,0.2756098363581244,28,248.9435171932114,-0.4670787229202564,0.1612,Tier 2 - Monitor,239.67000000000002,0.0,0.0,0.0,239.67000000000002
A100860,69,2825.22,237.93,717.15,2108.07,0.7461613608851702,0.08421645040032281,Mid-Market,Home & Bulky,Ground,0.3794690211370184,21,278.8879216891556,-0.4446683495757415,0.134,Tier 3 - Healthy,237.93,0.0,0.0,0.0,237.93
A100461,60,3082.84,235.79,616.81,2466.03,0.7999215009536661,0.07648466997962916,SME,Home & Bulky,Express,0.2183983470591778,17,275.59107050111515,-0.5655161078296705,0.1217,Tier 3 - Healthy,235.79,0.0,0.0,0.0,235.79
A100421,70,2055.33,233.53,621.99,1433.34,0.6973770635372422,0.1136216568628882,SME,Home & Bulky,Ground,0.4378450850318331,20,257.7309534579733,-0.4867729338908292,0.1829,Tier 2 - Monitor,233.53,0.0,0.0,0.0,233.53
A100719,76,1034.93,179.83,346.41,688.52,0.6652817098740977,0.17376054419139458,Enterprise,Apparel/Soft Goods,Ground Economy,0.2180415491832557,24,250.7908788584551,-0.2295316656047594,0.3043,Tier 1 - Act Now,179.83,6.54,-1.5,51.09,230.92000000000002
A100746,58,2664.35,230.28,644.3,2020.05,0.7581774166306979,0.08643008613733182,SME,Home & Bulky,Express,0.3626123946819426,28,312.85977224596263,-0.65137723772412,0.1376,Tier 3 - Healthy,230.28,0.0,0.0,0.0,230.28
A100603,83,3143.77,228.2,762.85,2380.92,0.7573454801082776,0.07258800739239829,Mid-Market,Home & Bulky,Express,0.3459541765571538,9,266.9604786330688,-0.3809407950434176,0.1155,Tier 3 - Healthy,228.2,0.0,0.0,0.0,228.2
A100286,63,1810.3,224.98000000000002,528.46,1281.84,0.7080815334474949,0.12427774402032814,SME,Home & Bulky,Ground Economy,0.4098555280142616,35,237.6482126720072,-0.4923628257903476,0.1978,Tier 2 - Monitor,224.98000000000002,0.0,0.0,0.0,224.98000000000002
A100109,56,1973.04,224.84,479.24,1493.8,0.7571057859952155,0.11395612861371285,Enterprise,Home & Bulky,Express,0.3033224265998014,24,239.34648168568205,-0.2036789628886669,0.1814,Tier 2 - Monitor,224.84,0.0,0.0,0.0,224.84
A100682,59,1984.38,224.5,482.79,1501.59,0.7567048649956156,0.11313357320674466,SME,Home & Bulky,Ground Economy,0.2886846061091719,39,243.21717585439208,-0.7553634689444271,0.1801,Tier 2 - Monitor,224.5,0.0,0.0,0.0,224.5
A100848,68,2446.83,222.16,605.62,1841.21,0.7524879129322429,0.0907950286697482,SME,Home & Bulky,Ground,0.3465528649116472,15,248.50825226860792,-0.5051653479974676,0.1445,Tier 3 - Healthy,222.16,0.0,0.0,0.0,222.16
A100729,76,2292.15,219.92000000000002,610.97,1681.18,0.7334511266714656,0.09594485526688917,SME,Home & Bulky,Ground,0.350310188495033,20,222.24427543234629,-0.5689301591416847,0.1527,Tier 3 - Healthy,219.92000000000002,0.0,0.0,0.0,219.92000000000002
A100589,64,2434.61,215.22,626.73,1807.88,0.7425747861053721,0.08840019551386052,SME,Home & Bulky,Ground Economy,0.3815585287861288,23,290.0527581676055,-0.5806708303456112,0.1407,Tier 3 - Healthy,215.22,0.0,0.0,0.0,215.22
A100061,75,2936.66,214.98,765.76,2170.9,0.7392411787540949,0.07320561454169022,SME,Home & Bulky,Express,0.4057210353556612,9,264.3138886322558,-0.5805751689780037,0.1165,Tier 3 - Healthy,214.98,0.0,0.0,0.0,214.98
A100032,64,1918.45,214.55,589.88,1328.57,0.6925226093982121,0.11183507519090934,SME,Home & Bulky,Ground,0.4635978124801776,21,272.0022770281794,-0.5912883233112723,0.184,Tier 2 - Monitor,214.55,0.0,0.0,0.0,214.55
A100393,64,2107.65,214.01,463.45,1644.2,0.780110549664318,0.10153962944511659,Mid-Market,Home & Bulky,Ground Economy,0.1970492602640402,35,206.8210260166296,-0.3446989124964777,0.1616,Tier 2 - Monitor,214.01,0.0,0.0,0.0,214.01
A100245,64,2267.75,212.79,560.8,1706.95,0.7527064270752949,0.09383309447690441,Mid-Market,Home & Bulky,Ground Economy,0.3198081599990945,30,227.73864219622843,-0.3509039015793767,0.1493,Tier 3 - Healthy,212.79,0.0,0.0,0.0,212.79
A100479,86,3853.25,212.72,798.78,3054.4700000000003,0.7926996691104912,0.05520534613637838,SME,Home & Bulky,Ground,0.2375869278660523,28,233.0545010562915,-0.5145834619298282,0.0879,Tier 3 - Healthy,212.72,0.0,0.0,0.0,212.72
A100559,71,1831.57,211.37,566.64,1264.93,0.6906260748974924,0.11540372467336767,SME,Home & Bulky,Ground Economy,0.4224756733750773,29,208.2119392907273,-0.5766638017408434,0.1912,Tier 2 - Monitor,211.37,0.0,0.0,0.0,211.37
A100816,67,2136.5299999999997,206.28,501.07,1635.46,0.7654748587663175,0.0965490772420701,Mid-Market,Home & Bulky,Ground Economy,0.2353897863822669,8,218.78240131070453,-0.5054628789090118,0.1537,Tier 3 - Healthy,206.28,0.0,0.0,0.0,206.28
A100342,53,1859.16,204.84,572.67,1286.49,0.6919737946169238,0.11017879042148067,Mid-Market,Home & Bulky,Ground,0.4745232151696559,5,264.6866883031316,-0.2672951126540603,0.1818,Tier 2 - Monitor,204.84,0.0,0.0,0.0,204.84
A100783,78,2509.68,204.63,702.35,1807.33,0.7201436039654459,0.0815362914793918,SME,Home & Bulky,Ground Economy,0.4264312186247182,24,274.0926379654747,-0.5281916449755822,0.1298,Tier 3 - Healthy,204.63,0.0,0.0,0.0,204.63
A100594,76,2844.83,203.88,747.65,2097.18,0.7371899199600679,0.07166684828267418,SME,Home & Bulky,Ground,0.4069761187164956,21,280.4831104490374,-0.518115988000855,0.1141,Tier 3 - Healthy,203.88,0.0,0.0,0.0,203.88
A100175,61,2101.66,199.53,525.44,1576.22,0.7499881046410933,0.09493923850670423,SME,Home & Bulky,Ground Economy,0.320720706037637,36,227.9306366240217,-0.5525722220148319,0.1511,Tier 3 - Healthy,199.53,0.0,0.0,0.0,199.53
A100487,63,2347.45,199.10999999999999,548.23,1799.22,0.7664572195360925,0.0848196979701378,SME,Home & Bulky,Ground,0.3157316903772523,24,259.4369997487293,-0.5046237147842643,0.135,Tier 3 - Healthy,199.10999999999999,0.0,0.0,0.0,199.10999999999999
A100735,57,1957.3700000000001,194.88,485.04,1472.33,0.7521981025559806,0.09956216760244613,Mid-Market,Home & Bulky,Ground,0.3191720116070413,41,232.6911058725793,-0.4239459505840094,0.1585,Tier 3 - Healthy,194.88,0.0,0.0,0.0,194.88
A100895,67,1859.75,190.92000000000002,517.09,1342.66,0.7219572523188601,0.10265895953757226,Mid-Market,Home & Bulky,Ground Economy,0.3671250457845894,17,211.27543723759655,-0.5246935440773933,0.1634,Tier 2 - Monitor,190.92000000000002,0.0,0.0,0.0,190.92000000000002
A100668,73,2239.52,185.5,618.77,1620.75,0.7237041866114168,0.0828302493391441,SME,Home & Bulky,Ground,0.3904015074321654,6,224.19350126120088,-0.6314541552572235,0.1318,Tier 3 - Healthy,185.5,0.0,0.0,0.0,185.5
A100448,60,2065.27,184.99,469.17,1596.1,0.7728287342575062,0.08957182353881091,SME,Home & Bulky,Ground Economy,0.2294634787318167,27,194.92401810608817,-0.4828212768714542,0.1426,Tier 3 - Healthy,184.99,0.0,0.0,0.0,184.99
A100807,77,2527.29,184.68,591.66,1935.63,0.7658915280794844,0.07307432071507425,SME,Home & Bulky,Ground Economy,0.27786627253543,27,198.2693874043136,-0.6764418011224331,0.1163,Tier 3 - Healthy,184.68,0.0,0.0,0.0,184.68
A100811,75,2737.95,175.52,560.51,2177.44,0.7952811409996531,0.06410635694589017,SME,Home & Bulky,Ground,0.1618689218489007,20,179.24029018323122,-0.6994295837286274,0.102,Tier 3 - Healthy,175.52,0.0,0.0,0.0,175.52
A100390,59,2305.82,172.32,551.9,1753.92,0.7606491400022551,0.07473263307630257,Mid-Market,Home & Bulky,Ground Economy,0.3472955754863389,6,294.4515514738174,-0.3370719095539153,0.1189,Tier 3 - Healthy,172.32,0.0,0.0,0.0,172.32
A100168,78,1639.7,169.73,413.4,1226.3,0.7478807098859547,0.103512837714216,SME,Apparel/Soft Goods,Ground,0.1284434835531006,10,285.3893970989445,-0.4634330110371109,0.1648,Tier 2 - Monitor,169.73,0.0,0.0,0.0,169.73
A100044,66,2351.37,164.18,529.93,1821.44,0.7746292586874887,0.0698231243913123,Mid-Market,Home & Bulky,Ground Economy,0.2509884458848054,28,187.81172035488697,-0.305041887284858,0.1111,Tier 3 - Healthy,164.18,0.0,0.0,0.0,164.18
A100309,68,2451.16,161.54,638.65,1812.51,0.7394498931118328,0.0659034905922094,SME,Home & Bulky,Ground Economy,0.3926029033039141,4,253.897549618566,-0.559089897666962,0.1049,Tier 3 - Healthy,161.54,0.0,0.0,0.0,161.54
A100759,76,1269.74,157.84,360.42,909.3199999999999,0.7161466126923621,0.12430891363586247,SME,Apparel/Soft Goods,Ground Economy,0.1341757337887464,35,240.74114025560235,-0.5800206778152798,0.1978,Tier 2 - Monitor,157.84,0.0,0.0,0.0,157.84
A100489,64,1294.52,156.41,363.77,930.75,0.7189923678274573,0.1208247072273893,SME,Apparel/Soft Goods,Ground Economy,0.247385559731364,11,301.7280412800457,-0.5504391480467364,0.1923,Tier 2 - Monitor,156.41,0.0,0.0,0.0,156.41
A100371,65,1555.06,155.28,571.84,983.22,0.6322714236106646,0.09985466798708732,SME,Home & Bulky,Ground Economy,0.5559771934329611,39,250.6572306050868,-0.5419926221153835,0.2131,Tier 2 - Monitor,155.28,0.0,0.0,0.0,155.28
A100878,60,2009.02,149.75,490.84,1518.18,0.7556818747449006,0.07453882987725359,SME,Home & Bulky,Ground,0.3139907752244869,31,229.8726204975395,-0.5344696193358308,0.1186,Tier 3 - Healthy,149.75,0.0,0.0,0.0,149.75
A100525,62,2079.5,149.25,481.59,1597.91,0.7684106756431835,0.07177206059148834,SME,Home & Bulky,Express,0.255513969336267,2,227.1912894373708,-0.5694923385735936,0.1142,Tier 3 - Healthy,149.25,0.0,0.0,0.0,149.25
A100709,63,2327.73,149.12,581.56,1746.17,0.7501600271509153,0.06406241273687241,SME,Home & Bulky,Ground,0.3739304552942874,6,250.8737951257732,-0.5345395642754214,0.102,Tier 3 - Healthy,149.12,0.0,0.0,0.0,149.12
A100074,69,2657.3,147.46,550.04,2107.26,0.7930079403906221,0.05549241711511685,SME,Home & Bulky,Express,0.2059793143348842,10,234.65310589289248,-0.3996884460606334,0.0883,Tier 3 - Healthy,147.46,0.0,0.0,0.0,147.46
A100854,55,1885.96,144.56,472.84,1413.12,0.7492841841820611,0.07665061825277313,SME,Home & Bulky,Ground,0.3441452159602429,19,222.01711760420935,-0.5534964513674304,0.122,Tier 3 - Healthy,144.56,0.0,0.0,0.0,144.56
A100372,60,2000.13,144.51,476.56,1523.57,0.7617354871933324,0.07225030373025752,SME,Home & Bulky,Ground,0.2846756308172392,11,206.2781454411076,-0.6676719755942528,0.115,Tier 3 - Healthy,144.51,0.0,0.0,0.0,144.51
A100892,82,1068.61,132.31,386.99,681.62,0.6378566549068416,0.12381504945677096,SME,Apparel/Soft Goods,Express,0.3013241865195647,37,216.81667587709595,-0.5982740052405389,0.2468,Tier 1 - Act Now,132.31,2.51,-1.5,10.36,142.67000000000002
A100375,80,2294.61,142.44,645.09,1649.52,0.7188672584883705,0.0620759083242904,SME,Home & Bulky,Ground,0.418724735298341,24,211.92560807501755,-0.6147783653051936,0.0988,Tier 3 - Healthy,142.44,0.0,0.0,0.0,142.44
A100742,67,1881.61,140.9,497.94,1383.67,0.735364926844564,0.07488268025786428,Mid-Market,Home & Bulky,Ground Economy,0.3524884718824584,1,217.57701916464572,-0.3908161239862712,0.1192,Tier 3 - Healthy,140.9,0.0,0.0,0.0,140.9
A100826,86,1674.52,140.16,622.39,1052.13,0.6283173685593484,0.08370159806989466,SME,Home & Bulky,Ground,0.5263894535656668,27,197.8311043843265,-0.5687170239860508,0.1906,Tier 2 - Monitor,140.16,0.0,0.0,0.0,140.16
A100653,75,2737.82,139.67000000000002,616.16,2121.66,0.7749450292568539,0.051015041164137895,SME,Home & Bulky,Ground,0.2705251569474288,13,218.0463666933841,-0.5464153226530136,0.0812,Tier 3 - Healthy,139.67000000000002,0.0,0.0,0.0,139.67000000000002
A100867,70,819.72,107.50999999999999,311.6,508.12,0.6198701995803445,0.13115454057483042,Mid-Market,Apparel/Soft Goods,Ground Economy,0.3018768965453299,13,244.1094883677151,-0.2763308071599366,0.2728,Tier 1 - Act Now,107.50999999999999,5.43,-1.5,31.53,139.04
A100112,67,2495.78,138.16,563.85,1931.93,0.7740786447523419,0.0553574433643991,SME,Home & Bulky,Express,0.2806362528702956,36,262.88336420166746,-0.5445691249344015,0.0881,Tier 3 - Healthy,138.16,0.0,0.0,0.0,138.16
A100716,57,996.98,136.68,268.36,728.62,0.7308270978354631,0.13709402395233605,SME,Apparel/Soft Goods,Ground Economy,0.05,25,223.64584171726847,-0.5764240639305961,0.2182,Tier 2 - Monitor,136.68,0.0,0.0,0.0,136.68
A100127,62,1882.27,134.33,408.36,1473.91,0.783049190604961,0.07136595706248307,SME,Home & Bulky,Ground,0.1378649658075361,15,146.80885156984058,-0.413749105392753,0.1136,Tier 3 - Healthy,134.33,0.0,0.0,0.0,134.33
A100195,67,1751.43,134.09,493.45,1257.98,0.718258794242419,0.07656029644347762,SME,Home & Bulky,Ground,0.3693267793839099,27,209.8815525944765,-0.6522051154855605,0.1219,Tier 3 - Healthy,134.09,0.0,0.0,0.0,134.09
A100542,70,1016.25,133.81,315.22,701.03,0.689820418204182,0.13167035670356703,Mid-Market,Apparel/Soft Goods,Ground,0.1701960224608953,35,222.0339787645249,-0.3116279968292079,0.2177,Tier 2 - Monitor,133.81,0.0,0.0,0.0,133.81
A100279,66,1059.27,133.54,323.55,735.72,0.6945537964824833,0.12606795245782473,Mid-Market,Apparel/Soft Goods,Ground Economy,0.2180239814618536,4,267.12096220837526,-0.3444250998614124,0.205,Tier 2 - Monitor,133.54,0.0,0.0,0.0,133.54
A100889,68,1203.45,133.53,341.21,862.24,0.7164734721010428,0.11095600149569985,Mid-Market,Apparel/Soft Goods,Ground,0.1659645624151589,29,291.4010876470592,-0.3740158717405648,0.1766,Tier 2 - Monitor,133.53,0.0,0.0,0.0,133.53
A100244,71,1907.77,130.19,566.83,1340.94,0.7028834712779842,0.06824197885489341,SME,Home & Bulky,Express,0.4340812789361381,5,204.19184582658005,-0.5431609955627719,0.1086,Tier 3 - Healthy,130.19,0.0,0.0,0.0,130.19
A100314,88,1814.31,129.22,437.5,1376.81,0.7588614955547839,0.07122266867293903,SME,Apparel/Soft Goods,Ground Economy,0.0683904804227233,28,258.43441977435884,-0.5970415745727475,0.1134,Tier 3 - Healthy,129.22,0.0,0.0,0.0,129.22
A100493,76,1128.3600000000001,128.42,387.76,740.6,0.6563508100251693,0.11381119500868515,SME,Apparel/Soft Goods,Ground Economy,0.3251832098992847,20,277.4964642978854,-0.5445854687443566,0.2161,Tier 2 - Monitor,128.42,0.0,0.0,0.0,128.42
A100341,67,2283.6,127.42,547.04,1736.56,0.7604484147836749,0.055797863023296555,Enterprise,Home & Bulky,Ground,0.3110269230088381,7,226.4978716310383,-0.2505462725060051,0.0888,Tier 3 - Healthy,127.42,0.0,0.0,0.0,127.42
A100877,74,1771.55,126.49,497.32,1274.23,0.7192740820185713,0.07140075075498857,SME,Home & Bulky,Ground,0.3646461021245187,29,191.3962780324304,-0.4800538973129484,0.1136,Tier 3 - Healthy,126.49,0.0,0.0,0.0,126.49
A100755,61,1812.07,125.97,490.15000000000003,1321.92,0.7295082419553329,0.0695171820073176,SME,Home & Bulky,Ground,0.3783786545292948,30,241.8259733333921,-0.5492864883539902,0.1106,Tier 3 - Healthy,125.97,0.0,0.0,0.0,125.97
A100008,61,855.13,118.05,296.08,559.05,0.6537602469799912,0.13804918550395845,SME,Apparel/Soft Goods,Ground,0.268636373928509,9,226.62912594079373,-0.6814000976216145,0.2567,Tier 1 - Act Now,118.05,2.2,-1.5,5.72,123.77
A100701,74,1177.24,123.34,375.12,802.12,0.6813563929190309,0.10477048010601067,SME,Apparel/Soft Goods,Ground,0.2851830209163325,9,271.0135062903256,-0.581968407444693,0.1817,Tier 2 - Monitor,123.34,0.0,0.0,0.0,123.34
A100114,75,2332.54,121.81,578.93,1753.61,0.7518027557941128,0.05222204120829654,SME,Home & Bulky,Ground Economy,0.3313875194142012,3,204.5436282522988,-0.4941229197794699,0.0831,Tier 3 - Healthy,121.81,0.0,0.0,0.0,121.81
A100095,65,2073.62,120.96,513.05,1560.57,0.752582440369981,0.05833277071015905,Mid-Market,Home & Bulky,Ground Economy,0.3174360939652326,15,203.10063962978464,-0.3545571861633792,0.0928,Tier 3 - Healthy,120.96,0.0,0.0,0.0,120.96
A100457,61,1853.93,119.97999999999999,542.82,1311.11,0.7072057736807753,0.06471657505946826,SME,Home & Bulky,Ground,0.452847881079173,12,240.2076128275069,-0.6156469891726454,0.103,Tier 3 - Healthy,119.97999999999999,0.0,0.0,0.0,119.97999999999999
A100079,62,641.61,106.58,289.16,352.45,0.5493212387587475,0.16611337105094995,Mid-Market,Apparel/Soft Goods,Ground,0.4239369044918553,37,232.25420654490733,-0.4147067594448907,0.3849,Tier 1 - Act Now,106.58,3.62,-1.5,13.23,119.81
A100210,57,777.3100000000001,106.23,302.63,474.68,0.610670131607724,0.13666362197836127,Mid-Market,Apparel/Soft Goods,Ground Economy,0.4175984050294052,24,290.19931443549257,-0.4957312604732689,0.289,Tier 1 - Act Now,106.23,3.03,-1.5,11.51,117.74000000000001
A100580,62,1537.23,115.17,459.71,1077.52,0.7009491097623648,0.07492047383930836,SME,Home & Bulky,Ground,0.4201833969549408,12,201.17316399271445,-0.6241865634244166,0.1192,Tier 3 - Healthy,115.17,0.0,0.0,0.0,115.17
A100554,73,2289.35,114.81,505.7,1783.65,0.7791076069626751,0.05014960578330094,SME,Home & Bulky,Ground,0.2019405660246509,18,189.85170091424533,-0.6340519275645563,0.0798,Tier 3 - Healthy,114.81,0.0,0.0,0.0,114.81
A100880,75,810.86,81.44,338.71,472.15,0.5822830081641713,0.10043657351454012,SME,Apparel/Soft Goods,Ground,0.3856818526720137,19,201.5596485063594,-0.2687812536910855,0.254,Tier 1 - Act Now,81.44,5.58,-1.5,32.41,113.85
A100789,67,1289.71,113.13,468.9,820.8100000000001,0.6364298950926953,0.08771739383272208,SME,Home & Bulky,Ground,0.5077136475331643,19,189.8884360108714,-0.4966423893904354,0.1905,Tier 2 - Monitor,113.13,0.0,0.0,0.0,113.13
A100652,65,1879.92,112.58,486.67,1393.25,0.7411219626367079,0.059885527043703986,Mid-Market,Home & Bulky,Ground,0.3477344179720215,36,186.7519911373812,-0.4147774387164352,0.0953,Tier 3 - Healthy,112.58,0.0,0.0,0.0,112.58
A100017,65,815.29,104.3,309.66,505.63,0.6201842289246772,0.12792993904009617,SME,Apparel/Soft Goods,Ground,0.3468162780955316,40,248.2407636381112,-0.6007081339667504,0.2675,Tier 1 - Act Now,104.3,2.5,-1.5,7.82,112.12
A100689,70,1270.51,112.01,369.5,901.01,0.7091719073442948,0.08816144697798523,SME,Apparel/Soft Goods,Ground,0.2526148311819439,7,280.03829605267805,-0.5397425422799657,0.1403,Tier 3 - Healthy,112.01,0.0,0.0,0.0,112.01
A100891,70,1590.23,111.87,525.61,1064.62,0.6694754846783169,0.07034831439477308,Enterprise,Home & Bulky,Ground Economy,0.4761186533176482,38,204.42375624380028,-0.2597248110498397,0.1364,Tier 3 - Healthy,111.87,0.0,0.0,0.0,111.87
A100708,57,1626.27,110.81,426.44,1199.83,0.7377803193811605,0.06813751714045023,SME,Home & Bulky,Ground,0.3377591116923592,27,189.7803251760802,-0.6146087641599771,0.1084,Tier 3 - Healthy,110.81,0.0,0.0,0.0,110.81
A100115,79,801.87,92.38,357.15,444.72,0.5546036140521531,0.11520570666068065,Mid-Market,Apparel/Soft Goods,Ground Economy,0.4279009639236113,31,230.86389508035165,-0.4044386238848521,0.2997,Tier 1 - Act Now,92.38,3.71,-1.5,17.27,109.64999999999999
A100024,54,966.51,108.59,271.3,695.21,0.7192993347197649,0.11235269164312837,Mid-Market,Apparel/Soft Goods,Ground,0.1771184565773721,13,294.62783699046525,-0.3904269389517206,0.1788,Tier 2 - Monitor,108.59,0.0,0.0,0.0,108.59
A100837,66,1401.48,108.06,339.54,1061.94,0.7577275451665383,0.07710420412706567,Enterprise,Apparel/Soft Goods,Ground Economy,0.1062499403919412,31,281.0971244048967,-0.219738937325884,0.1227,Tier 3 - Healthy,108.06,0.0,0.0,0.0,108.06
A100615,76,1041.26,108.05999999999999,356.58,684.68,0.6575495073276607,0.10377811497608666,Mid-Market,Apparel/Soft Goods,Ground Economy,0.2829629390338893,22,238.61907433589403,-0.4246743067416745,0.1991,Tier 2 - Monitor,108.05999999999999,0.0,0.0,0.0,108.05999999999999
A100829,54,1552.44,106.79,470.11,1082.33,0.6971799232176444,0.06878848779985056,SME,Home & Bulky,Ground Economy,0.4621075938069784,35,233.39691048200945,-0.5637556514947522,0.1117,Tier 3 - Healthy,106.79,0.0,0.0,0.0,106.79
A100681,72,2611.35,103.58000000000001,522.43,2088.92,0.7999387290098992,0.03966530721657381,SME,Home & Bulky,Ground Economy,0.1593743181704617,12,184.05448894352665,-0.6840447657917331,0.0631,Tier 3 - Healthy,103.58000000000001,0.0,0.0,0.0,103.58000000000001
A100527,76,1175.23,103.47,361.4,813.83,0.6924857261982761,0.08804234064821354,Enterprise,Apparel/Soft Goods,Ground Economy,0.2323940535889421,41,238.3330103714083,-0.1676865974539437,0.1461,Tier 3 - Healthy,103.47,0.0,0.0,0.0,103.47
A100452,66,2048.65,103.42,479.66,1568.99,0.7658653259463549,0.05048202474800478,Mid-Market,Home & Bulky,Ground Economy,0.2534938279638377,4,182.52856681339972,-0.4027418391801364,0.0803,Tier 3 - Healthy,103.42,0.0,0.0,0.0,103.42
A100523,71,1949.89,101.62,534.72,1415.17,0.725769145951823,0.05211576037622635,SME,Home & Bulky,Ground Economy,0.3754796521725314,40,198.80118915558484,-0.4408174022920357,0.0829,Tier 3 - Healthy,101.62,0.0,0.0,0.0,101.62
A100536,63,1026.1,98.7,297.06,729.04,0.7104960530162753,0.0961894552187896,SME,Apparel/Soft Goods,Express,0.1438710595357455,35,246.0849306000572,-0.414432124986924,0.1531,Tier 3 - Healthy,98.7,0.0,0.0,0.0,98.7
A100281,65,813.91,97.91,286.94,526.97,0.647454878303498,0.12029585580715313,SME,Apparel/Soft Goods,Ground Economy,0.2478005460263288,11,221.0305226087145,-0.5456076341122761,0.2335,Tier 2 - Monitor,97.91,0.0,0.0,0.0,97.91
A100025,61,891.52,97.3,299.56,591.96,0.6639895908111989,0.10913944723618091,SME,Apparel/Soft Goods,Ground Economy,0.2777439017201253,3,264.04596570338185,-0.723764824560525,0.2025,Tier 2 - Monitor,97.3,0.0,0.0,0.0,97.3
A100320,79,609.79,62.67,335.51,274.28,0.44979419144295574,0.10277308581642862,Enterprise,Apparel/Soft Goods,Ground Economy,0.5150943482686692,18,202.8863478034692,-0.2127521719867253,0.3637,Tier 1 - Act Now,62.67,7.05,-1.5,33.2,95.87
A100665,71,1510.1,93.52,645.39,864.71,0.5726177074365937,0.0619296735315542,Mid-Market,Home & Bulky,Ground,0.6288512194860284,25,258.0201388385224,-0.3762857877659806,0.2005,Tier 2 - Monitor,93.52,0.0,0.0,0.0,93.52
A100884,76,1231.51,93.25999999999999,354.19,877.32,0.712393728024945,0.07572817110701496,SME,Apparel/Soft Goods,Ground Economy,0.1614396625399744,6,229.21658728567843,-0.7090080048064938,0.1205,Tier 3 - Healthy,93.25999999999999,0.0,0.0,0.0,93.25999999999999
A100215,64,946.18,93.14,300.65,645.53,0.6822486207698324,0.09843792935805028,Mid-Market,Apparel/Soft Goods,Ground,0.237810822845696,39,258.29064124778233,-0.4090271351115458,0.1709,Tier 2 - Monitor,93.14,0.0,0.0,0.0,93.14
A100583,71,1168.62,92.24000000000001,334.92,833.7,0.7134055552703189,0.0789307045917407,SME,Apparel/Soft Goods,Ground Economy,0.153849508026149,17,222.03847092491077,-0.4622902314121776,0.1256,Tier 3 - Healthy,92.24000000000001,0.0,0.0,0.0,92.24000000000001
A100306,60,1038.3,91.55,336.53,701.77,0.6758836559761148,0.08817297505537898,SME,Electronics,Ground,0.3427162798387466,21,156.55400737214475,-0.5688900196923122,0.1596,Tier 2 - Monitor,91.55,0.0,0.0,0.0,91.55
A100504,54,628.28,84.12,247.65,380.63,0.6058286114471255,0.13388934869803273,SME,Apparel/Soft Goods,Ground,0.3455193351756016,27,218.67085360441496,-0.5812971108725368,0.2884,Tier 1 - Act Now,84.12,2.58,-1.5,6.54,90.66000000000001
A100332,63,690.22,75.77,270.42,419.8,0.6082118744748052,0.10977659297035727,Mid-Market,Apparel/Soft Goods,Express,0.3146697131008845,26,211.4318637917069,-0.4221927146255241,0.2481,Tier 1 - Act Now,75.77,3.55,-1.5,13.8,89.57
A100136,61,1331.8600000000001,89.41,524.48,807.38,0.6062048563662846,0.06713168050696018,Enterprise,Home & Bulky,Ground,0.5834740754415,10,231.51017597339876,-0.206165058329782,0.1819,Tier 2 - Monitor,89.41,0.0,0.0,0.0,89.41
A100366,75,941.66,85.8,337.3,604.36,0.6418027738249474,0.09111568931461461,Mid-Market,Apparel/Soft Goods,Express,0.2737478616057174,19,223.5497719866638,-0.3880108367103283,0.1916,Tier 2 - Monitor,85.8,0.0,0.0,0.0,85.8
A100777,67,2329.83,84.41,560.39,1769.44,0.7594717211126992,0.03623011120983076,SME,Home & Bulky,Express,0.331513136750781,8,267.8720317728068,-0.3891414030086249,0.0577,Tier 3 - Healthy,84.41,0.0,0.0,0.0,84.41
A100162,68,1051.3,83.62,381.3,670.0,0.6373061923333017,0.07953961761628461,SME,Apparel/Soft Goods,Ground,0.4169804487391745,23,340.5629540048301,-0.4819953153220477,0.1767,Tier 2 - Monitor,83.62,0.0,0.0,0.0,83.62
A100611,55,493.36,70.98,240.25,253.11,0.5130330792930112,0.1438706015891033,Mid-Market,Apparel/Soft Goods,Express,0.4349376840957818,6,242.07390878368548,-0.3654934399558229,0.3786,Tier 1 - Act Now,70.98,4.1,-1.5,12.54,83.52000000000001
A100256,55,875.78,82.12,260.56,615.22,0.7024823585832058,0.09376784123866726,Mid-Market,Apparel/Soft Goods,Express,0.1989601272217211,31,232.66429484807625,-0.3615728918845673,0.1492,Tier 3 - Healthy,82.12,0.0,0.0,0.0,82.12
A100053,68,962.96,81.91,327.25,635.71,0.6601624158843565,0.08506064634045027,Mid-Market,Apparel/Soft Goods,Ground,0.313668014028904,36,232.19833961395497,-0.4786914388088436,0.1673,Tier 2 - Monitor,81.91,0.0,0.0,0.0,81.91
A100442,73,1399.8899999999999,81.48,376.14,1023.75,0.7313074598718471,0.058204573216467013,Mid-Market,Electronics,Ground Economy,0.209119702506196,2,136.53139878054378,-0.292984606168802,0.0926,Tier 3 - Healthy,81.48,0.0,0.0,0.0,81.48
A100651,78,2145.48,79.99000000000001,530.02,1615.46,0.7529597106475008,0.037283032235210775,Mid-Market,Home & Bulky,Ground,0.2982856386923685,36,177.63626479243834,-0.3390121277033576,0.0593,Tier 3 - Healthy,79.99000000000001,0.0,0.0,0.0,79.99000000000001
A100720,74,864.05,79.82,332.74,531.31,0.6149065447601412,0.09237891325733465,SME,Apparel/Soft Goods,Ground Economy,0.3365612150232652,9,210.30199587672027,-0.5225172068145997,0.2151,Tier 2 - Monitor,79.82,0.0,0.0,0.0,79.82
A100715,71,781.15,79.75,301.9,479.25,0.6135185303718876,0.10209306791269283,SME,Apparel/Soft Goods,Ground,0.2854843132757102,4,205.42512588351693,-0.5880445772871865,0.2317,Tier 2 - Monitor,79.75,0.0,0.0,0.0,79.75
A100784,76,1315.59,78.27000000000001,374.64,940.95,0.7152304289330264,0.059494219323649476,Enterprise,Apparel/Soft Goods,Ground Economy,0.2221559119958565,11,270.72045149384115,-0.2294444331042924,0.0947,Tier 3 - Healthy,78.27000000000001,0.0,0.0,0.0,78.27000000000001
A100043,63,1760.54,78.17,492.84,1267.7,0.7200631624387972,0.04440114964726732,SME,Home & Bulky,Express,0.4195634806117833,3,196.51112697604947,-0.5654392139085429,0.0707,Tier 3 - Healthy,78.17,0.0,0.0,0.0,78.17
A100562,63,649.48,56.0,282.02,367.46,0.5657756974810617,0.08622282441337685,Mid-Market,Apparel/Soft Goods,Ground,0.4363495814306474,5,220.2942025626508,-0.3041962117208868,0.2446,Tier 1 - Act Now,56.0,4.93,-1.5,21.8,77.8
A100071,81,993.01,77.71000000000001,358.48,634.53,0.6389965861370983,0.07825701654565413,SME,Apparel/Soft Goods,Ground,0.3149371886943009,37,243.61982865662705,-0.6432225575138735,0.1734,Tier 2 - Monitor,77.71000000000001,0.0,0.0,0.0,77.71000000000001
A100284,60,889.18,77.69,280.49,608.69,0.6845520592006119,0.08737263546188623,SME,Apparel/Soft Goods,Ground,0.2555544235117283,18,242.8019146758897,-0.5645849801154602,0.1514,Tier 3 - Healthy,77.69,0.0,0.0,0.0,77.69
A100107,69,1986.62,77.41,550.52,1436.1,0.7228861080629411,0.038965680401888636,SME,Home & Bulky,Ground Economy,0.4246052251047899,14,221.70496217861617,-0.5821716953963142,0.062,Tier 3 - Healthy,77.41,0.0,0.0,0.0,77.41
A100428,59,559.79,69.87,249.74,310.05,0.5538684149413173,0.12481466264134766,SME,Apparel/Soft Goods,Ground Economy,0.3635253957171064,41,219.25254352758924,-0.5243260623508936,0.3156,Tier 1 - Act Now,69.87,2.86,-1.5,7.38,77.25
A100070,68,803.41,76.04,305.99,497.42,0.6191359330852243,0.09464656899963905,SME,Apparel/Soft Goods,Ground Economy,0.3086646002160193,28,212.30636153465696,-0.6196465982321631,0.2153,Tier 2 - Monitor,76.04,0.0,0.0,0.0,76.04
A100204,64,843.65,76.03999999999999,320.34,523.31,0.6202927754400521,0.09013216381200734,SME,Apparel/Soft Goods,Ground Economy,0.3931813394320887,32,299.0500406644101,-0.5317824501920978,0.2072,Tier 2 - Monitor,76.03999999999999,0.0,0.0,0.0,76.03999999999999
A100646,59,642.43,63.59,274.24,368.19,0.5731208069361643,0.09898354684557073,SME,Apparel/Soft Goods,Ground Economy,0.4209099803734005,14,224.68725355235435,-0.4336788370738083,0.259,Tier 1 - Act Now,63.59,3.46,-1.5,12.25,75.84
A100351,76,1044.72,75.78,381.55,663.17,0.6347825254613676,0.07253618194348725,SME,Apparel/Soft Goods,Ground Economy,0.384072911020292,18,279.43463741953667,-0.6215997782553718,0.1676,Tier 2 - Monitor,75.78,0.0,0.0,0.0,75.78
A100697,59,727.35,75.21000000000001,260.37,466.98,0.6420292843885337,0.10340276345638277,SME,Apparel/Soft Goods,Ground Economy,0.2953176204488414,6,224.4417763146825,-0.5834323075327805,0.211,Tier 2 - Monitor,75.21000000000001,0.0,0.0,0.0,75.21000000000001
A100485,53,796.94,75.19,274.46,522.48,0.6556076994503978,0.09434838256330463,SME,Apparel/Soft Goods,Ground Economy,0.3442644271323862,14,247.27737901026893,-0.5740661582502639,0.1857,Tier 2 - Monitor,75.19,0.0,0.0,0.0,75.19
A100319,68,1054.54,74.92,351.7,702.84,0.6664896542568324,0.07104519506135377,Enterprise,Apparel/Soft Goods,Ground Economy,0.3384366707175664,39,273.4121252052905,-0.200199825934533,0.1399,Tier 3 - Healthy,74.92,0.0,0.0,0.0,74.92
A100052,69,784.88,74.92,282.52,502.36,0.640046886148201,0.09545408215268576,Mid-Market,Apparel/Soft Goods,Ground,0.2167967754838422,18,192.54992472958827,-0.3280552451421807,0.1999,Tier 2 - Monitor,74.92,0.0,0.0,0.0,74.92
A100042,64,816.03,74.8,291.08,524.95,0.643297427790645,0.09166329669252356,Mid-Market,Apparel/Soft Goods,Ground Economy,0.2978403830001897,18,223.67652930606835,-0.4271924812444908,0.1913,Tier 2 - Monitor,74.8,0.0,0.0,0.0,74.8
A100608,75,1168.69,74.71000000000001,345.33,823.36,0.7045153120160179,0.06392627642916428,Mid-Market,Apparel/Soft Goods,Ground Economy,0.1850132587704283,31,266.7605507854591,-0.3398788775601615,0.1017,Tier 3 - Healthy,74.71000000000001,0.0,0.0,0.0,74.71000000000001
A100440,62,749.53,74.52,301.56,447.96999999999997,0.5976678718663696,0.09942230464424373,Mid-Market,Apparel/Soft Goods,Ground Economy,0.4248029577617253,3,261.33936076056824,-0.3944436812816084,0.2401,Tier 2 - Monitor,74.52,0.0,0.0,0.0,74.52
A100069,71,792.4,74.23,315.19,477.21,0.602233720343261,0.09367743563856638,SME,Apparel/Soft Goods,Ground,0.3502258218485461,18,203.30888644631068,-0.5479132230908915,0.2273,Tier 2 - Monitor,74.23,0.0,0.0,0.0,74.23
A100190,76,750.9,42.82,382.58,368.32,0.4905047276601412,0.0570249034491943,Enterprise,Apparel/Soft Goods,Ground Economy,0.569392700572799,34,229.03798086840925,-0.2602587887276428,0.2584,Tier 1 - Act Now,42.82,5.76,-1.5,31.37,74.19
A100585,69,870.26,74.07,321.99,548.27,0.6300071243076781,0.08511249511640198,Mid-Market,Apparel/Soft Goods,Ground,0.3455082043867759,13,228.9456747649173,-0.3244115302300998,0.1915,Tier 2 - Monitor,74.07,0.0,0.0,0.0,74.07
A100619,71,1116.41,73.74,340.11,776.3000000000001,0.6953538574538028,0.06605100276780035,SME,Apparel/Soft Goods,Express,0.2323435175816803,21,254.62393051917243,-0.6096692024354611,0.1088,Tier 3 - Healthy,73.74,0.0,0.0,0.0,73.74
A100861,65,825.78,73.46000000000001,296.11,529.67,0.6414178110392599,0.08895831819612973,Mid-Market,Apparel/Soft Goods,Ground Economy,0.2956471958275138,19,217.08627800812155,-0.4236446449758502,0.1885,Tier 2 - Monitor,73.46000000000001,0.0,0.0,0.0,73.46000000000001
A100157,61,729.3,73.23,283.38,445.92,0.6114356232003292,0.10041135335252983,Mid-Market,Apparel/Soft Goods,Ground Economy,0.3760329178232257,11,262.2725706357398,-0.4206437112166584,0.2307,Tier 2 - Monitor,73.23,0.0,0.0,0.0,73.23
A100072,81,919.45,72.04,373.19,546.26,0.5941160476371744,0.07835118821034315,Mid-Market,Apparel/Soft Goods,Express,0.3906532512897828,22,206.2497964084553,-0.3327003522141708,0.2094,Tier 2 - Monitor,72.04,0.0,0.0,0.0,72.04
A100744,68,835.77,71.78,292.76,543.01,0.6497122414061285,0.0858848726324228,SME,Apparel/Soft Goods,Ground,0.253109065999658,10,196.52008618605825,-0.4108656717393132,0.1769,Tier 2 - Monitor,71.78,0.0,0.0,0.0,71.78
A100403,65,968.15,71.4,305.1,663.05,0.6848628828177451,0.07374890254609308,SME,Apparel/Soft Goods,Ground Economy,0.231019601065159,30,227.9480570042249,-0.4679284029355581,0.1295,Tier 3 - Healthy,71.4,0.0,0.0,0.0,71.4
A100001,59,590.85,62.949999999999996,254.15,336.7,0.5698569856985698,0.10654142337310653,SME,Apparel/Soft Goods,Ground,0.3788640151737403,35,222.376139398467,-0.5053415656765591,0.2737,Tier 1 - Act Now,62.949999999999996,2.97,-1.5,8.41,71.36
A100796,64,655.57,60.75,275.7,379.87,0.5794499443232607,0.09266744970026083,SME,Apparel/Soft Goods,Ground Economy,0.3726202018123896,41,237.02721965555705,-0.5080800181257059,0.2439,Tier 1 - Act Now,60.75,2.95,-1.5,9.23,69.98
A100820,63,575.49,56.38,266.92,308.57,0.536186554066969,0.09796868755321553,SME,Apparel/Soft Goods,Express,0.3972211477352505,9,193.8939654452657,-0.3976228153817733,0.287,Tier 1 - Act Now,56.38,3.77,-1.5,12.75,69.13
A100842,71,608.75,63.15,290.57,318.18,0.5226776180698152,0.10373716632443532,SME,Apparel/Soft Goods,Ground,0.4089346253772349,31,184.58646025308832,-0.6157749862964657,0.307,Tier 1 - Act Now,63.15,2.44,-1.5,5.48,68.63
A100831,79,1099.25,68.55,338.22,761.03,0.6923174891971798,0.06236070047759836,SME,Apparel/Soft Goods,Ground,0.1654700054471242,16,212.5394459449205,-0.6215424996642411,0.1054,Tier 3 - Healthy,68.55,0.0,0.0,0.0,68.55
A100879,55,1980.69,68.28,459.15999999999997,1521.53,0.7681817952329744,0.034472835224088574,SME,Home & Bulky,Ground Economy,0.3212578502351833,7,235.24099831383447,-0.5765477879465009,0.0549,Tier 3 - Healthy,68.28,0.0,0.0,0.0,68.28
A100883,63,799.72,67.63,281.23,518.49,0.6483394187965787,0.08456709848446956,SME,Apparel/Soft Goods,Ground,0.2887731805393347,5,235.18565927899684,-0.500854479778394,0.1759,Tier 2 - Monitor,67.63,0.0,0.0,0.0,67.63
A100377,88,1337.5,66.76,417.7,919.8,0.6877009345794393,0.04991401869158879,SME,Apparel/Soft Goods,Ground,0.2569038402867869,6,241.90089687970084,-0.5901908499706178,0.0893,Tier 3 - Healthy,66.76,0.0,0.0,0.0,66.76
A100334,60,746.39,66.71000000000001,263.55,482.84,0.6469004139926847,0.08937686732137355,SME,Apparel/Soft Goods,Ground,0.2615970666777992,1,219.29680829517525,-0.5139452471221749,0.1847,Tier 2 - Monitor,66.71000000000001,0.0,0.0,0.0,66.71000000000001
A100437,64,984.9300000000001,66.58,319.21999999999997,665.71,0.6758957489364726,0.0675987125988649,SME,Electronics,Ground Economy,0.3191066132108029,27,146.6975672276893,-0.6126205644612656,0.1269,Tier 3 - Healthy,66.58,0.0,0.0,0.0,66.58
A100149,88,954.75,66.57,358.99,595.76,0.6239958104215764,0.06972505891594658,SME,Apparel/Soft Goods,Express,0.2623301511072498,2,201.91625828243005,-0.6180412765902074,0.1718,Tier 2 - Monitor,66.57,0.0,0.0,0.0,66.57
A100475,64,811.13,65.91,300.49,510.64,0.629541503827993,0.08125701182301234,SME,Apparel/Soft Goods,Ground Economy,0.3487290761036364,20,232.2963393107173,-0.5496016592871797,0.1857,Tier 2 - Monitor,65.91,0.0,0.0,0.0,65.91
A100209,73,566.1,53.29,289.32,276.78,0.488924218335983,0.0941353117823706,SME,Apparel/Soft Goods,Ground,0.3986199268652914,11,182.4977148271513,-0.4315102479891896,0.3187,Tier 1 - Act Now,53.29,3.48,-1.5,10.89,64.18
A100111,59,987.67,64.09,319.02,668.65,0.6769973776666296,0.06489009486974395,SME,Electronics,Ground Economy,0.3591496037348107,12,169.17323569413074,-0.4212696833996946,0.1217,Tier 3 - Healthy,64.09,0.0,0.0,0.0,64.09
A100696,58,831.16,62.78,274.05,557.11,0.6702800904759614,0.07553299003801915,Mid-Market,Apparel/Soft Goods,Ground,0.2918630008094299,24,259.9303981009212,-0.3752922866805258,0.144,Tier 3 - Healthy,62.78,0.0,0.0,0.0,62.78
A100232,63,925.18,62.480000000000004,292.26,632.92,0.6841047147582092,0.0675328044272466,Enterprise,Apparel/Soft Goods,Ground Economy,0.2522488454308233,33,221.3632396956995,-0.212246122214571,0.1202,Tier 3 - Healthy,62.480000000000004,0.0,0.0,0.0,62.480000000000004
A100763,69,854.48,62.27,297.55,556.93,0.6517765190525231,0.07287473083044659,SME,Apparel/Soft Goods,Ground,0.2486952918308686,23,206.0390644921128,-0.6070787818428078,0.1546,Tier 3 - Healthy,62.27,0.0,0.0,0.0,62.27
A100751,66,874.89,61.72,286.11,588.78,0.6729760312725028,0.0705460114985884,SME,Apparel/Soft Goods,Ground,0.2126297587282199,14,204.10079966893207,-0.3853376241451171,0.1339,Tier 3 - Healthy,61.72,0.0,0.0,0.0,61.72
A100045,84,1098.57,61.06,356.81,741.76,0.6752050392783346,0.055581346659748586,Mid-Market,Apparel/Soft Goods,Ground,0.1714460840477726,31,176.45665716830726,-0.2993354939114967,0.1083,Tier 3 - Healthy,61.06,0.0,0.0,0.0,61.06
A100062,77,1075.63,60.95,341.26,734.37,0.6827347693909616,0.05666446640573431,SME,Apparel/Soft Goods,Express,0.2087955745640798,32,204.28583520989724,-0.5069663221679519,0.104,Tier 3 - Healthy,60.95,0.0,0.0,0.0,60.95
A100002,59,704.86,60.709999999999994,259.48,445.38,0.6318701586130578,0.08613057912209515,Mid-Market,Apparel/Soft Goods,Ground Economy,0.3112093512630785,17,200.33681914919333,-0.3955040630923417,0.1916,Tier 2 - Monitor,60.709999999999994,0.0,0.0,0.0,60.709999999999994
A100121,67,534.41,46.92,242.22,292.19,0.5467524934039408,0.08779775827548138,Mid-Market,Health/Beauty,Ground Economy,0.2505534758074647,20,154.23650446937972,-0.3652967306852593,0.2623,Tier 1 - Act Now,46.92,4.11,-1.5,13.6,60.52
A100767,66,749.4,59.87,300.41,448.99,0.5991326394448893,0.07989057912997065,SME,Apparel/Soft Goods,Ground Economy,0.3909661865637876,21,238.47141605049327,-0.425021211405098,0.2078,Tier 2 - Monitor,59.87,0.0,0.0,0.0,59.87
A100243,77,2761.74,59.620000000000005,696.86,2064.88,0.7476735681128565,0.021587839550428357,SME,Industrial/B2B,Express,0.3952383732712678,4,142.99062317987634,-0.5229342560673882,0.0344,Tier 3 - Healthy,59.620000000000005,0.0,0.0,0.0,59.620000000000005
A100408,77,858.63,59.48,344.91,513.72,0.5983019461234758,0.06927314442775118,SME,Apparel/Soft Goods,Ground Economy,0.372284376074903,6,233.0958740813948,-0.4868389971537133,0.1916,Tier 2 - Monitor,59.48,0.0,0.0,0.0,59.48
A100770,62,1850.79,59.03,460.91,1389.88,0.7509658037918944,0.03189448829959099,SME,Home & Bulky,Ground Economy,0.3159657613465987,17,178.16935622017112,-0.5536456683633733,0.0508,Tier 3 - Healthy,59.03,0.0,0.0,0.0,59.03
A100335,57,599.06,58.44,244.70000000000002,354.36,0.5915267252028178,0.09755283277134177,SME,Apparel/Soft Goods,Ground,0.3319123929366278,10,208.91596072589255,-0.5943379560364739,0.242,Tier 2 - Monitor,58.44,0.0,0.0,0.0,58.44
A100291,59,1869.99,58.38,416.37,1453.62,0.7773410552997609,0.031219418285659283,SME,Home & Bulky,Express,0.2453883517057274,28,200.50553931609952,-0.6099277123389142,0.0497,Tier 3 - Healthy,58.38,0.0,0.0,0.0,58.38
A100549,65,639.6800000000001,58.18,262.95,376.73,0.5889350925462731,0.09095172586293146,SME,Apparel/Soft Goods,Ground Economy,0.2842694939733184,17,183.3827543596833,-0.6330272144036294,0.2336,Tier 2 - Monitor,58.18,0.0,0.0,0.0,58.18
A100295,70,1026.69,57.58,324.56,702.13,0.683877314476619,0.056083140967575405,Enterprise,Apparel/Soft Goods,Ground Economy,0.2444780580582979,39,224.8828049740842,-0.2879722746782114,0.1022,Tier 3 - Healthy,57.58,0.0,0.0,0.0,57.58
A100699,63,694.41,57.35,254.0,440.41,0.6342218574041273,0.08258809636957994,SME,Apparel/Soft Goods,Ground,0.2121042812951366,22,174.48452835796573,-0.4802237444351138,0.1841,Tier 2 - Monitor,57.35,0.0,0.0,0.0,57.35
A100238,83,1230.26,57.27,394.28,835.98,0.6795148992895811,0.0465511355323265,SME,Apparel/Soft Goods,Ground,0.2662806205986582,2,228.0461196758841,-0.5335120398766573,0.0905,Tier 3 - Healthy,57.27,0.0,0.0,0.0,57.27
A100166,65,1769.39,57.120000000000005,454.63,1314.76,0.7430583421405117,0.032282311983225856,Mid-Market,Home & Bulky,Ground,0.330870215281341,28,173.8395073706948,-0.4582260837461838,0.0514,Tier 3 - Healthy,57.120000000000005,0.0,0.0,0.0,57.120000000000005
A100643,65,819.77,56.57,281.02,538.75,0.6571965307342303,0.06900716054503092,SME,Apparel/Soft Goods,Ground,0.26428294729469,8,212.5497825973652,-0.4834994334814959,0.1441,Tier 3 - Healthy,56.57,0.0,0.0,0.0,56.57
A100153,69,988.65,56.33,317.45,671.2,0.6789055783138624,0.05697668537905224,SME,Apparel/Soft Goods,Express,0.2414203730617227,18,223.2213747096293,-0.6532935940051398,0.1076,Tier 3 - Healthy,56.33,0.0,0.0,0.0,56.33
A100250,46,710.51,56.269999999999996,230.38,480.13,0.6757540358334154,0.07919663340417446,Mid-Market,Apparel/Soft Goods,Express,0.286755746566023,32,244.2059200066288,-0.3846391066762294,0.1454,Tier 3 - Healthy,56.269999999999996,0.0,0.0,0.0,56.269999999999996
A100628,65,922.93,55.839999999999996,308.15,614.78,0.6661176903990552,0.06050296338833931,SME,Apparel/Soft Goods,Ground,0.3161070799515159,12,259.0287620273658,-0.4489102187694356,0.1234,Tier 3 - Healthy,55.839999999999996,0.0,0.0,0.0,55.839999999999996
A100016,63,711.0,55.81,263.82,447.18,0.6289451476793249,0.07849507735583686,SME,Apparel/Soft Goods,Ground,0.2614081789548415,31,184.3418070287657,-0.5425510959461879,0.1818,Tier 2 - Monitor,55.81,0.0,0.0,0.0,55.81
A100329,77,722.87,45.86,354.43,368.44,0.5096905391010832,0.06344155933985364,SME,Apparel/Soft Goods,Ground Economy,0.5231400164778504,6,222.7101837121196,-0.5175030954903451,0.2532,Tier 1 - Act Now,45.86,2.9,-1.5,9.8,55.66
A100146,76,749.63,55.58,314.16,435.47,0.5809132505369315,0.07414324400037352,SME,Apparel/Soft Goods,Ground Economy,0.3294469991819638,12,206.6643219789208,-0.3335062408561332,0.2133,Tier 2 - Monitor,55.58,0.0,0.0,0.0,55.58
A100575,67,1118.92,55.019999999999996,381.98,736.9399999999999,0.6586172380509776,0.04917241625853501,SME,Electronics,Ground Economy,0.4216977048237856,21,158.47043071963358,-0.4901549737456702,0.1114,Tier 3 - Healthy,55.019999999999996,0.0,0.0,0.0,55.019999999999996
A100543,64,745.12,54.98,269.5,475.62,0.6383132918187675,0.0737867726003865,Enterprise,Apparel/Soft Goods,Ground Economy,0.2487945833817036,38,204.78805325798348,-0.2141144026611402,0.1668,Tier 2 - Monitor,54.98,0.0,0.0,0.0,54.98
A100592,62,807.52,54.92,325.44,482.08,0.5969883098870616,0.06801069942540124,SME,Electronics,Ground Economy,0.4709870683120315,32,155.47069254569675,-0.510542136114324,0.1907,Tier 2 - Monitor,54.92,0.0,0.0,0.0,54.92
A100252,54,681.91,54.91,258.02,423.89,0.6216216216216216,0.08052382279186403,SME,Apparel/Soft Goods,Ground,0.3621616829909829,24,236.63568805794048,-0.5509841864887167,0.1909,Tier 2 - Monitor,54.91,0.0,0.0,0.0,54.91
A100118,62,816.91,54.230000000000004,291.57,525.34,0.643081857242536,0.06638430182027397,SME,Apparel/Soft Goods,Ground,0.3531541695133692,41,240.9094987167381,-0.6144061899188767,0.1512,Tier 3 - Healthy,54.230000000000004,0.0,0.0,0.0,54.230000000000004
A100650,63,782.83,54.21,263.03000000000003,519.8,0.6640011241265663,0.06924875132531967,SME,Apparel/Soft Goods,Ground,0.217149575905873,36,170.93984265161467,-0.5469101204888779,0.139,Tier 3 - Healthy,54.21,0.0,0.0,0.0,54.21
A100353,67,1129.46,54.16,348.5,780.96,0.6914454695164061,0.047952118711596686,SME,Electronics,Ground,0.3140957782694945,12,153.01691358874746,-0.5053199914019721,0.0832,Tier 3 - Healthy,54.16,0.0,0.0,0.0,54.16
A100347,55,762.0,54.13,268.02,493.98,0.6482677165354331,0.07103674540682416,SME,Apparel/Soft Goods,Express,0.3410534670789247,27,249.50344436614847,-0.554036298036113,0.1544,Tier 3 - Healthy,54.13,0.0,0.0,0.0,54.13
A100301,80,1074.49,53.93,432.41,642.08,0.597567217935951,0.050191253524928106,SME,Electronics,Ground Economy,0.4842660293436234,34,150.42249503572128,-0.4948037772556597,0.1618,Tier 2 - Monitor,53.93,0.0,0.0,0.0,53.93
A100865,73,854.71,53.480000000000004,325.21999999999997,529.49,0.6194966713856161,0.06257093049104374,Enterprise,Apparel/Soft Goods,Ground,0.3361524652153846,35,208.36666854333063,-0.2371837896571574,0.164,Tier 2 - Monitor,53.480000000000004,0.0,0.0,0.0,53.480000000000004
A100035,62,834.09,53.239999999999995,288.74,545.35,0.6538263256962678,0.06383004232157201,SME,Apparel/Soft Goods,Ground Economy,0.2960382844565353,12,216.46211231268768,-0.6487373785004302,0.1385,Tier 3 - Healthy,53.239999999999995,0.0,0.0,0.0,53.239999999999995
A100727,67,874.36,52.98,309.5,564.86,0.6460268081796972,0.06059289080012809,SME,Apparel/Soft Goods,Express,0.323000653853094,10,225.95865580233524,-0.5321657915759379,0.1396,Tier 3 - Healthy,52.98,0.0,0.0,0.0,52.98
A100414,57,598.31,52.96,242.54,355.77,0.5946248600223965,0.08851598669586001,SME,Apparel/Soft Goods,Express,0.3124228523540175,26,175.1043583117343,-0.7502664436578528,0.2252,Tier 2 - Monitor,52.96,0.0,0.0,0.0,52.96
A100269,80,996.46,52.67,332.82,663.64,0.6659976316159203,0.05285711418421211,SME,Apparel/Soft Goods,Ground,0.2000882873854769,12,186.287269000342,-0.5501772991352841,0.1113,Tier 3 - Healthy,52.67,0.0,0.0,0.0,52.67
A100590,57,941.58,52.53999999999999,267.5,674.08,0.7159030565644979,0.05579982582467766,Enterprise,Apparel/Soft Goods,Ground,0.1747242453237852,16,226.85609156719357,-0.2505109867676411,0.0888,Tier 3 - Healthy,52.53999999999999,0.0,0.0,0.0,52.53999999999999
A100340,73,1890.8,52.04,650.13,1240.67,0.6561614131584516,0.027522741696636346,SME,Industrial/B2B,Express,0.5499664069614839,34,138.98525953248273,-0.5996278751933735,0.0789,Tier 3 - Healthy,52.04,0.0,0.0,0.0,52.04
A100705,76,955.91,51.82,312.56,643.35,0.6730236110094047,0.05421012438409474,SME,Apparel/Soft Goods,Ground Economy,0.1731736240131152,9,185.46314600207387,-0.5044578328768476,0.1079,Tier 3 - Healthy,51.82,0.0,0.0,0.0,51.82
A100144,69,692.39,51.51,305.94,386.45,0.5581391990063403,0.07439448865523765,SME,Apparel/Soft Goods,Ground,0.4265977629743134,41,223.483737755559,-0.4639236098515716,0.2319,Tier 2 - Monitor,51.51,0.0,0.0,0.0,51.51
A100828,72,1052.32,51.46,308.71,743.61,0.7066386650448533,0.04890147483655162,Mid-Market,Apparel/Soft Goods,Ground Economy,0.1304014800853935,34,187.14484475869557,-0.4045509976187891,0.0778,Tier 3 - Healthy,51.46,0.0,0.0,0.0,51.46
A100569,88,892.22,51.37,383.68,508.54,0.5699715316850105,0.05757548586671448,SME,Apparel/Soft Goods,Ground,0.4220882821002474,37,215.1656159363949,-0.6569160967834519,0.1957,Tier 2 - Monitor,51.37,0.0,0.0,0.0,51.37
A100743,59,534.99,46.18,270.64,264.35,0.49412138544645695,0.08631937045552253,SME,Apparel/Soft Goods,Ground Economy,0.5078379131993129,10,208.07799787326917,-0.6046643474100832,0.3021,Tier 1 - Act Now,46.18,2.48,-1.5,5.05,51.23
A100641,82,615.73,38.47,339.46999999999997,276.26,0.4486706835788413,0.06247868383869553,Mid-Market,Apparel/Soft Goods,Ground Economy,0.4943621867291565,25,168.19376891497748,-0.4186689638919081,0.3005,Tier 1 - Act Now,38.47,3.58,-1.5,12.49,50.96
A100463,77,766.4,50.769999999999996,331.9,434.5,0.5669363256784968,0.06624478079331941,SME,Apparel/Soft Goods,Ground Economy,0.3981181205223741,25,208.59532232949925,-0.5600023449358561,0.2119,Tier 2 - Monitor,50.769999999999996,0.0,0.0,0.0,50.769999999999996
A100581,67,685.71,50.76,311.63,374.08,0.5455367429379766,0.07402546265914162,SME,Apparel/Soft Goods,Ground Economy,0.4626984767226469,16,234.34880714434496,-0.5960446534858466,0.2414,Tier 2 - Monitor,50.76,0.0,0.0,0.0,50.76
A100225,68,1309.81,50.74,351.47,958.34,0.7316633710232783,0.038738442980279585,Enterprise,Electronics,Ground Economy,0.2113926417387521,40,150.01450158532933,-0.2212064689252288,0.0617,Tier 3 - Healthy,50.74,0.0,0.0,0.0,50.74
A100631,80,761.4,50.72,346.67,414.73,0.5446939847649068,0.06661413186235882,Mid-Market,Apparel/Soft Goods,Ground,0.4281450469628532,21,213.68902526019852,-0.4029348248599299,0.2303,Tier 2 - Monitor,50.72,0.0,0.0,0.0,50.72
A100257,78,726.03,50.63,331.36,394.67,0.5436001267165269,0.06973541038249109,SME,Apparel/Soft Goods,Ground,0.41788413412372,21,217.7243425764985,-0.584112062384597,0.2361,Tier 2 - Monitor,50.63,0.0,0.0,0.0,50.63
A100040,62,665.79,50.55,272.28000000000003,393.51,0.5910422205199838,0.07592484116613346,SME,Apparel/Soft Goods,Ground Economy,0.3653995631446959,27,210.19604775931097,-0.6302553698184487,0.208,Tier 2 - Monitor,50.55,0.0,0.0,0.0,50.55
A100282,74,1007.67,50.29,348.4,659.27,0.6542518880188951,0.049907211686365575,SME,Apparel/Soft Goods,Ground,0.3424289399416924,33,252.3014918073688,-0.4278824554572032,0.116,Tier 3 - Healthy,50.29,0.0,0.0,0.0,50.29
A100248,58,1104.29,50.18,330.79,773.5,0.7004500629363664,0.045440962066123934,SME,Electronics,Ground Economy,0.3341656697391025,36,162.1230020581804,-0.6632869307258135,0.0723,Tier 3 - Healthy,50.18,0.0,0.0,0.0,50.18
A100773,58,678.74,50.03,261.86,416.88,0.6141968942452191,0.07371010990953826,Mid-Market,Apparel/Soft Goods,Ground,0.3329409536895869,26,229.09911210225877,-0.424296322178705,0.186,Tier 2 - Monitor,50.03,0.0,0.0,0.0,50.03
A100321,66,895.38,49.76,283.41,611.97,0.6834751725524358,0.05557416962630391,SME,Apparel/Soft Goods,Ground Economy,0.1930910385140187,10,193.2406185538746,-0.5708185310856695,0.1017,Tier 3 - Healthy,49.76,0.0,0.0,0.0,49.76
A100868,63,703.97,49.75,277.71,426.26,0.6055087574754605,0.07067062516868616,SME,Apparel/Soft Goods,Ground,0.3647715030095068,13,233.83714730187,-0.4261625967262251,0.1881,Tier 2 - Monitor,49.75,0.0,0.0,0.0,49.75
A100500,70,2052.49,49.54,648.32,1404.17,0.6841300079415735,0.024136536597011437,Mid-Market,Home & Bulky,Express,0.5172195951943814,34,278.2194923036864,-0.4365711669742341,0.0511,Tier 3 - Healthy,49.54,0.0,0.0,0.0,49.54
A100690,74,745.13,49.17,301.51,443.62,0.5953591990659348,0.0659884852307651,SME,Apparel/Soft Goods,Express,0.2938735608958746,8,180.2513250247379,-0.5661643953166275,0.1887,Tier 2 - Monitor,49.17,0.0,0.0,0.0,49.17
A100717,73,1417.48,48.83,390.83,1026.65,0.7242782966955442,0.03444845782656545,SME,Electronics,Ground Economy,0.2578538032422225,19,135.4698279777938,-0.5344716419934158,0.0548,Tier 3 - Healthy,48.83,0.0,0.0,0.0,48.83
A100412,55,1112.86,48.54,294.24,818.62,0.7356001653397553,0.043617346296928636,SME,Electronics,Express,0.226576093585204,27,147.66839490965714,-0.4759627905363568,0.0694,Tier 3 - Healthy,48.54,0.0,0.0,0.0,48.54
A100397,75,657.13,48.45,295.56,361.57,0.5502259826822699,0.07372970340724058,SME,Apparel/Soft Goods,Ground,0.3339111739761592,26,152.77981051300893,-0.5601730258665029,0.2372,Tier 2 - Monitor,48.45,0.0,0.0,0.0,48.45
A100464,70,1945.68,48.17,548.19,1397.49,0.718252744541754,0.024757411290654167,SME,Home & Bulky,Ground,0.4252644417615561,11,212.25167792885796,-0.3834948629215274,0.0394,Tier 3 - Healthy,48.17,0.0,0.0,0.0,48.17
A100507,74,993.79,47.79,357.63,636.16,0.6401352398394027,0.048088630394751405,Mid-Market,Apparel/Soft Goods,Ground,0.4035614927886244,1,274.0243639008222,-0.308644423905745,0.1244,Tier 3 - Healthy,47.79,0.0,0.0,0.0,47.79
A100636,72,649.72,47.65,268.33,381.39,0.5870067105830203,0.07333928461491103,Mid-Market,Health/Beauty,Ground,0.2068013559923039,39,181.80420862380507,-0.3570121671635243,0.2071,Tier 2 - Monitor,47.65,0.0,0.0,0.0,47.65
A100142,58,422.86,29.04,200.87,221.99,0.5249728042378092,0.0686752116539753,Enterprise,Health/Beauty,Ground,0.253893090419286,10,158.46251707493036,-0.2560866414111368,0.2493,Tier 1 - Act Now,29.04,5.86,-1.5,18.05,47.09
A100612,58,1004.74,46.96,308.81,695.9300000000001,0.6926468539124551,0.04673845970101718,Enterprise,Electronics,Ground,0.3155267065812132,4,153.3913639632188,-0.1422998297283675,0.0803,Tier 3 - Healthy,46.96,0.0,0.0,0.0,46.96
A100283,61,907.1,46.94,270.35,636.75,0.7019622974313747,0.05174732664535332,SME,Apparel/Soft Goods,Ground Economy,0.1927047571260267,3,192.35536869195496,-0.6833432446690074,0.0824,Tier 3 - Healthy,46.94,0.0,0.0,0.0,46.94
A100417,53,673.81,46.23,235.82,437.99,0.6500200353215299,0.06860984550540954,Mid-Market,Apparel/Soft Goods,Express,0.2758308205827006,26,212.4941688125097,-0.3378012261471934,0.1492,Tier 3 - Healthy,46.23,0.0,0.0,0.0,46.23
A100501,61,710.28,45.86,261.99,448.29,0.6311454637607704,0.0645660866137298,Mid-Market,Apparel/Soft Goods,Ground,0.3010754303431608,5,218.153411384889,-0.4498342029406918,0.1578,Tier 3 - Healthy,45.86,0.0,0.0,0.0,45.86
A100272,63,453.09,39.21,260.43,192.66,0.4252135337350195,0.08653909819241211,SME,Apparel/Soft Goods,Ground Economy,0.5087923971529467,10,193.61645997525892,-0.5431250582727793,0.3576,Tier 1 - Act Now,39.21,2.76,-1.5,5.53,44.74
A100075,69,1148.46,44.5,352.41,796.05,0.6931456036779687,0.038747540184246726,SME,Electronics,Ground,0.3058597329174622,9,132.3572676297272,-0.642655924096524,0.0672,Tier 3 - Healthy,44.5,0.0,0.0,0.0,44.5
A100750,58,779.67,44.25,260.55,519.12,0.6658201546808266,0.056754780868829124,SME,Apparel/Soft Goods,Ground,0.2689165440946984,30,197.65363799113703,-0.7082485625568735,0.1177,Tier 3 - Healthy,44.25,0.0,0.0,0.0,44.25
A100354,58,534.59,41.11,282.34,252.25,0.471856937091977,0.07690005424718008,SME,Apparel/Soft Goods,Ground,0.5590222710651804,6,248.6143581341002,-0.7186979179993234,0.3049,Tier 1 - Act Now,41.11,2.09,-1.5,2.97,44.08
A100260,58,649.78,44.0,258.87,390.91,0.6016036196866632,0.06771522669211118,SME,Apparel/Soft Goods,Express,0.4008547749602018,7,234.22167807474983,-0.5886817422097056,0.1865,Tier 2 - Monitor,44.0,0.0,0.0,0.0,44.0
A100429,64,526.56,34.78,281.24,245.32,0.46589182619264663,0.06605135217259192,Mid-Market,Apparel/Soft Goods,Ground,0.5276711325859024,2,207.90300658551047,-0.4570064835103727,0.2924,Tier 1 - Act Now,34.78,3.28,-1.5,9.13,43.910000000000004
A100449,58,686.34,43.78,259.15,427.19,0.622417460733747,0.06378762712358306,SME,Apparel/Soft Goods,Ground Economy,0.3354079992148868,29,202.8654687481756,-0.5934409731657199,0.1636,Tier 2 - Monitor,43.78,0.0,0.0,0.0,43.78
A100856,73,689.3100000000001,43.730000000000004,294.27,395.04,0.5730948339643992,0.06344025184604894,Mid-Market,Apparel/Soft Goods,Ground Economy,0.3158202772124487,8,182.24921517796557,-0.2740661875487641,0.2025,Tier 2 - Monitor,43.730000000000004,0.0,0.0,0.0,43.730000000000004
A100102,73,903.71,43.72,346.2,557.51,0.6169125051177922,0.04837835146230538,SME,Apparel/Soft Goods,Ground,0.3847574103061686,38,242.5313423443372,-0.5661550170002206,0.1435,Tier 3 - Healthy,43.72,0.0,0.0,0.0,43.72
A100864,57,658.96,43.08,232.15,426.81,0.6477024402088138,0.0653757435959694,SME,Apparel/Soft Goods,Ground,0.2009516245311644,13,166.9399003448042,-0.6039288234769339,0.1459,Tier 3 - Healthy,43.08,0.0,0.0,0.0,43.08
A100223,69,978.71,43.04,311.71,667.0,0.6815093337147878,0.043976254457398,Enterprise,Apparel/Soft Goods,Ground Economy,0.2416598946103379,7,230.43503921139947,-0.2543977254619796,0.0848,Tier 3 - Healthy,43.04,0.0,0.0,0.0,43.04
A100180,78,782.0600000000001,42.94,337.3,444.76,0.5687031685548423,0.054906273175971146,Mid-Market,Apparel/Soft Goods,Express,0.4043174310022669,24,227.23726048372507,-0.3819612272711751,0.1924,Tier 2 - Monitor,42.94,0.0,0.0,0.0,42.94
A100526,72,891.31,42.63,326.83,564.48,0.6333150082462893,0.04782847718526664,Enterprise,Apparel/Soft Goods,Ground Economy,0.3540440443501546,24,270.5393980844471,-0.2581397842374478,0.1295,Tier 3 - Healthy,42.63,0.0,0.0,0.0,42.63
A100455,64,703.72,42.57,314.1,389.62,0.5536577047689422,0.060492809640197806,SME,Apparel/Soft Goods,Ground,0.50262093469068,18,282.12045304851216,-0.6409534874353648,0.2134,Tier 2 - Monitor,42.57,0.0,0.0,0.0,42.57
A100674,73,849.77,42.55,320.41,529.36,0.6229450321851796,0.05007237252433011,SME,Apparel/Soft Goods,Ground Economy,0.3338223425474302,14,193.06322864942305,-0.4977904149747004,0.1413,Tier 3 - Healthy,42.55,0.0,0.0,0.0,42.55
A100821,71,906.56,42.489999999999995,324.69,581.87,0.6418438933992234,0.04686948464525238,SME,Apparel/Soft Goods,Express,0.3301820613103298,23,210.95493501551917,-0.5270158487434882,0.1211,Tier 3 - Healthy,42.489999999999995,0.0,0.0,0.0,42.489999999999995
A100193,61,626.43,42.480000000000004,276.72,349.71,0.5582587040850534,0.06781284421244195,Mid-Market,Apparel/Soft Goods,Ground Economy,0.4170497980863731,20,212.78421929070493,-0.4890858042839002,0.2213,Tier 2 - Monitor,42.480000000000004,0.0,0.0,0.0,42.480000000000004
A100600,85,734.82,42.37,306.6,428.22,0.582754960398465,0.05766037941264526,SME,Health/Beauty,Ground,0.2048406466592043,12,159.17582725220416,-0.4686833660602489,0.1856,Tier 2 - Monitor,42.37,0.0,0.0,0.0,42.37
A100196,73,770.14,42.32,300.71,469.43,0.6095385254629029,0.05495104786142779,SME,Apparel/Soft Goods,Ground Economy,0.3092466255733936,24,190.68884606115824,-0.5532212195590762,0.1598,Tier 2 - Monitor,42.32,0.0,0.0,0.0,42.32
A100376,56,689.64,42.27,238.6,451.04,0.6540223884925469,0.06129284844266574,Enterprise,Apparel/Soft Goods,Ground,0.263328697468985,35,181.62361800014276,-0.1785632131922461,0.1343,Tier 3 - Healthy,42.27,0.0,0.0,0.0,42.27
A100007,61,452.71999999999997,31.99,244.15,208.57,0.46070418801908464,0.07066177769924015,Mid-Market,Apparel/Soft Goods,Ground,0.4840354093898311,37,167.5138673801674,-0.3928853965788154,0.3039,Tier 1 - Act Now,31.99,3.82,-1.5,10.23,42.22
A100571,68,921.05,41.97,318.88,602.17,0.6537864393898268,0.04556755876445361,Mid-Market,Apparel/Soft Goods,Ground Economy,0.3241206066781619,23,247.6093215880199,-0.3686188214471471,0.1095,Tier 3 - Healthy,41.97,0.0,0.0,0.0,41.97
A100598,55,1158.8700000000001,41.7,353.56,805.31,0.6949096965147081,0.03598332858733076,Enterprise,Home & Bulky,Ground Economy,0.3941281766985022,8,145.88580903511368,-0.2409685069336035,0.0613,Tier 3 - Healthy,41.7,0.0,0.0,0.0,41.7
A100595,68,1193.79,41.57,349.58,844.21,0.707167927357408,0.03482186984310474,SME,Electronics,Express,0.2715269238451006,9,142.56102491149227,-0.5722078275782818,0.0554,Tier 3 - Healthy,41.57,0.0,0.0,0.0,41.57
A100360,64,778.12,41.49,279.28,498.84000000000003,0.6410836374852208,0.05332082455148306,Enterprise,Apparel/Soft Goods,Ground,0.2865879266619691,21,200.55482860656585,-0.2138748391513673,0.132,Tier 3 - Healthy,41.49,0.0,0.0,0.0,41.49
A100063,68,692.41,41.32,293.69,398.71999999999997,0.575843791972964,0.05967562571308907,Mid-Market,Apparel/Soft Goods,Ground,0.4035376993902231,14,208.81479231442825,-0.3649281333746919,0.1943,Tier 2 - Monitor,41.32,0.0,0.0,0.0,41.32
A100470,55,821.29,41.17,257.65,563.64,0.6862862082820929,0.05012845645265376,SME,Apparel/Soft Goods,Ground,0.2387025975359819,28,210.2545653890413,-0.5475389358220749,0.0908,Tier 3 - Healthy,41.17,0.0,0.0,0.0,41.17
A100616,59,739.89,41.09,272.53000000000003,467.36,0.6316614631904743,0.05553528227168904,Mid-Market,Apparel/Soft Goods,Ground Economy,0.3542003457421021,33,242.8369611237576,-0.4000879046035723,0.1431,Tier 3 - Healthy,41.09,0.0,0.0,0.0,41.09
A100833,71,708.53,41.04,315.1,393.43,0.555276417371177,0.05792274145060901,Mid-Market,Apparel/Soft Goods,Ground,0.4295522411495809,34,209.34099869532747,-0.4018222054053132,0.208,Tier 2 - Monitor,41.04,0.0,0.0,0.0,41.04
A100401,75,1196.86,40.980000000000004,420.46,776.4,0.6486974249285631,0.03423959360326188,Enterprise,Electronics,Express,0.4459705852880405,2,162.00686433325058,-0.1696467195698218,0.0955,Tier 3 - Healthy,40.980000000000004,0.0,0.0,0.0,40.980000000000004
A100572,71,827.38,40.83,309.36,518.02,0.6260968357949189,0.049348546012714836,SME,Apparel/Soft Goods,Ground Economy,0.3138484320395363,29,184.38898751211923,-0.4781963710432618,0.1377,Tier 3 - Healthy,40.83,0.0,0.0,0.0,40.83
A100555,68,823.9399999999999,40.32,299.24,524.7,0.6368182149185622,0.04893560210694954,SME,Apparel/Soft Goods,Ground,0.3084196490028233,6,209.70794657420524,-0.4725700748469883,0.1284,Tier 3 - Healthy,40.32,0.0,0.0,0.0,40.32
A100760,68,879.9,40.28,300.6,579.3,0.6583702693487896,0.04577792931014888,Mid-Market,Apparel/Soft Goods,Ground,0.2705660049817306,17,208.1948754211332,-0.4133351753123979,0.1062,Tier 3 - Healthy,40.28,0.0,0.0,0.0,40.28
A100026,71,731.65,39.980000000000004,297.98,433.67,0.5927287637531607,0.05464361374974374,SME,Apparel/Soft Goods,Ground,0.3318796539902902,24,198.3754504936968,-0.6523492150609286,0.1728,Tier 2 - Monitor,39.980000000000004,0.0,0.0,0.0,39.980000000000004
A100239,78,644.66,39.84,279.46,365.2,0.5665001706325815,0.061800018614463444,SME,Health/Beauty,Ground,0.2368714164048923,36,183.3215485645778,-0.4916066762885809,0.2052,Tier 2 - Monitor,39.84,0.0,0.0,0.0,39.84
A100468,69,856.8,39.47,310.47,546.33,0.637640056022409,0.046066760037348276,SME,Apparel/Soft Goods,Ground,0.333179842701082,6,210.73057661462732,-0.6683065084910107,0.1232,Tier 3 - Healthy,39.47,0.0,0.0,0.0,39.47
A100541,55,528.16,39.45,206.45,321.71,0.6091146622235686,0.07469327476522267,SME,Apparel/Soft Goods,Ground Economy,0.2212944845463113,22,170.0739392772556,-0.6277938498790473,0.1916,Tier 2 - Monitor,39.45,0.0,0.0,0.0,39.45
A100738,54,688.1999999999999,38.97,239.05,449.15,0.6526445800639349,0.05662598081952921,SME,Apparel/Soft Goods,Ground Economy,0.2920779080788316,30,196.46724823731932,-0.541526099399321,0.128,Tier 3 - Healthy,38.97,0.0,0.0,0.0,38.97
A100277,74,1464.56,38.75,491.63,972.93,0.6643155623531982,0.02645845851313705,SME,Home & Bulky,Ground Economy,0.477592028854539,14,178.6886537198932,-0.4965995712627964,0.0707,Tier 3 - Healthy,38.75,0.0,0.0,0.0,38.75
A100303,67,441.56,33.4,236.03,205.53,0.46546335718815113,0.07564090950267234,SME,Health/Beauty,Express,0.3224448721919786,33,160.10605184703758,-0.5450240741181154,0.308,Tier 1 - Act Now,33.4,2.75,-1.5,5.35,38.75
A100147,70,566.44,38.44,265.28,301.16,0.5316714921262623,0.06786243909328436,SME,Health/Beauty,Express,0.3210802084856015,13,165.45360516099618,-0.5400365924243945,0.2427,Tier 2 - Monitor,38.44,0.0,0.0,0.0,38.44
A100728,68,763.85,38.17,286.01,477.84,0.6255678470903973,0.04997054395496498,SME,Apparel/Soft Goods,Ground,0.2916836671113494,6,196.8234126869015,-0.5583655027559337,0.1391,Tier 3 - Healthy,38.17,0.0,0.0,0.0,38.17
A100339,69,790.94,37.53,286.7,504.24,0.6375199130148936,0.047449869775204184,Enterprise,Apparel/Soft Goods,Ground,0.2589901133942886,1,174.17745651283914,-0.2491781953775219,0.1255,Tier 3 - Healthy,37.53,0.0,0.0,0.0,37.53
A100087,77,953.61,37.23,328.06,625.55,0.6559809565755392,0.039041117437946325,SME,Apparel/Soft Goods,Ground Economy,0.2295192496785578,9,178.84877432782062,-0.5162190919177297,0.0974,Tier 3 - Healthy,37.23,0.0,0.0,0.0,37.23
A100561,52,1109.27,37.18,292.01,817.26,0.7367548027080874,0.033517538561396235,SME,Electronics,Ground Economy,0.2626330309141581,22,142.8492309915844,-0.5495241774399204,0.0533,Tier 3 - Healthy,37.18,0.0,0.0,0.0,37.18
A100533,66,744.21,36.9,305.52,438.69,0.5894707139113959,0.049582779054299184,Mid-Market,Apparel/Soft Goods,Ground Economy,0.417666536997813,11,258.0906289749853,-0.3495033211044226,0.1673,Tier 2 - Monitor,36.9,0.0,0.0,0.0,36.9
A100806,66,640.4,36.89,257.74,382.66,0.597532792004997,0.05760462211118052,Mid-Market,Apparel/Soft Goods,Ground,0.2871080129666623,18,151.15613700925604,-0.2811664230159093,0.1737,Tier 2 - Monitor,36.89,0.0,0.0,0.0,36.89
A100841,73,901.34,36.39,316.22,585.12,0.6491667961035791,0.04037322209155258,Mid-Market,Apparel/Soft Goods,Ground,0.2701062450038054,38,192.19619012477835,-0.3886811212351971,0.1049,Tier 3 - Healthy,36.39,0.0,0.0,0.0,36.39
A100593,80,639.33,36.22,280.93,358.4,0.5605868643736411,0.05665305867079599,SME,Health/Beauty,Ground Economy,0.2124711619778625,18,147.84660285386587,-0.5890779309923861,0.2017,Tier 2 - Monitor,36.22,0.0,0.0,0.0,36.22
A100710,75,955.14,36.21,317.08,638.06,0.668027723684486,0.03791067278095358,Enterprise,Apparel/Soft Goods,Ground,0.2282951053539239,29,187.5874021018889,-0.1872464173525927,0.0859,Tier 3 - Healthy,36.21,0.0,0.0,0.0,36.21
A100336,52,565.83,36.18,227.31,338.52,0.5982715656645988,0.06394146651821218,SME,Apparel/Soft Goods,Ground Economy,0.3517998694414047,29,208.01126288250632,-0.491095404478139,0.1832,Tier 2 - Monitor,36.18,0.0,0.0,0.0,36.18
A100103,63,849.47,35.91,275.92,573.55,0.6751857040272169,0.04227341754270309,Enterprise,Apparel/Soft Goods,Ground Economy,0.2368477227333623,33,212.94298417730408,-0.1635192006189536,0.0871,Tier 3 - Healthy,35.91,0.0,0.0,0.0,35.91
A100037,66,818.2,35.55,337.1,481.1,0.5879980444879003,0.04344903446590075,SME,Apparel/Soft Goods,Ground,0.4765779531203254,2,267.0296017615934,-0.4073516303937642,0.1588,Tier 2 - Monitor,35.55,0.0,0.0,0.0,35.55
A100324,68,804.63,35.5,278.6,526.03,0.6537538993077563,0.044119657482321065,Mid-Market,Apparel/Soft Goods,Ground Economy,0.2463726883461664,29,187.5193064053429,-0.3122726747201408,0.1072,Tier 3 - Healthy,35.5,0.0,0.0,0.0,35.5
A100666,64,620.89,35.49,269.01,351.88,0.566734848362834,0.057159883393193646,Mid-Market,Apparel/Soft Goods,Ground,0.3715958476767844,9,178.4226250815442,-0.4752059839849016,0.1976,Tier 2 - Monitor,35.49,0.0,0.0,0.0,35.49
A100050,64,1386.88,35.46,333.27,1053.61,0.7596980272265804,0.025568181818181816,SME,Electronics,Ground Economy,0.1290237094253719,12,124.24212346822009,-0.6371703125459326,0.0407,Tier 3 - Healthy,35.46,0.0,0.0,0.0,35.46
A100625,56,668.53,35.36,235.67,432.86,0.6474802925822327,0.05289216639492618,SME,Apparel/Soft Goods,Ground,0.2709537839306289,11,205.6275665542768,-0.5561187095699969,0.1262,Tier 3 - Healthy,35.36,0.0,0.0,0.0,35.36
A100756,61,658.74,35.28,264.52,394.21999999999997,0.598445517199502,0.053556790235904914,SME,Apparel/Soft Goods,Ground Economy,0.3801091837414294,11,209.8605548304908,-0.3561273747423191,0.1665,Tier 2 - Monitor,35.28,0.0,0.0,0.0,35.28
A100654,76,764.55,35.1,321.42,443.13,0.5795958406906023,0.0459093584461448,Mid-Market,Apparel/Soft Goods,Ground,0.3753953505995324,5,165.47954678090707,-0.3894875841050489,0.1694,Tier 2 - Monitor,35.1,0.0,0.0,0.0,35.1
A100039,75,1291.6,34.95,350.15,941.45,0.7289021368844845,0.02705946113347786,Mid-Market,Apparel/Soft Goods,Ground,0.1426585461190319,34,197.8669620334953,-0.3960287679876056,0.0431,Tier 3 - Healthy,34.95,0.0,0.0,0.0,34.95
A100132,69,1030.8,34.59,350.96999999999997,679.83,0.6595168800931316,0.03355646100116415,SME,Electronics,Ground,0.3776708361543401,15,132.06392792272334,-0.4451463909140414,0.0858,Tier 3 - Healthy,34.59,0.0,0.0,0.0,34.59
A100124,72,499.55,29.23,266.14,233.41,0.46724051646481835,0.05851266139525573,SME,Health/Beauty,Ground Economy,0.4089127317527007,32,186.63039052385065,-0.5853498416141064,0.2793,Tier 1 - Act Now,29.23,2.56,-1.5,5.12,34.35
A100610,56,583.98,33.949999999999996,239.82,344.16,0.5893352512072332,0.058135552587417365,SME,Apparel/Soft Goods,Ground,0.3385834577518916,5,192.67216722189065,-0.4904249127061413,0.1811,Tier 2 - Monitor,33.949999999999996,0.0,0.0,0.0,33.949999999999996
A100532,71,801.98,33.85,317.14,484.84,0.6045537295194393,0.042208035113095094,SME,Apparel/Soft Goods,Ground,0.3888611700978888,18,203.5988532345924,-0.6561915450069172,0.1435,Tier 3 - Healthy,33.85,0.0,0.0,0.0,33.85
A100200,62,646.0,33.82,255.73,390.27,0.6041331269349844,0.05235294117647059,Mid-Market,Apparel/Soft Goods,Ground,0.3275399543146062,7,180.3014083314884,-0.3409246980673761,0.16,Tier 2 - Monitor,33.82,0.0,0.0,0.0,33.82
A100338,57,670.14,33.46,247.37,422.77,0.6308681767988779,0.04992986540125944,SME,Apparel/Soft Goods,Ground,0.3074955584140116,1,189.50934586604788,-0.6487111244503689,0.1348,Tier 3 - Healthy,33.46,0.0,0.0,0.0,33.46
A100352,57,461.42,23.54,238.51,222.91,0.48309566121971304,0.051016427549737765,SME,Apparel/Soft Goods,Ground,0.4827401339464686,1,164.94688644639712,-0.4191173268244435,0.2547,Tier 1 - Act Now,23.54,3.58,-1.5,9.34,32.879999999999995
A100093,70,541.32,28.11,288.34,252.98,0.4673390970220941,0.05192861893150077,SME,Apparel/Soft Goods,Ground Economy,0.4927418286628101,24,203.9409267612899,-0.631597831263482,0.2688,Tier 1 - Act Now,28.11,2.37,-1.5,4.54,32.65
A100624,63,343.12,11.69,222.78,120.34,0.35072277920261136,0.03406971321986477,Enterprise,Health/Beauty,Express,0.481191047746749,3,154.0463932412793,-0.1954985045060219,0.3336,Tier 1 - Act Now,11.69,7.67,-1.5,20.78,32.47
A100263,66,545.37,32.47,261.76,283.61,0.5200322716687753,0.05953756165538992,SME,Apparel/Soft Goods,Ground Economy,0.4221222289219133,20,170.36323582551702,-0.5100120823639979,0.2387,Tier 2 - Monitor,32.47,0.0,0.0,0.0,32.47
A100431,62,919.98,32.15,321.15999999999997,598.82,0.6509054544664015,0.034946411878519094,Mid-Market,Electronics,Ground,0.4059046058177735,33,150.8521074153005,-0.3240000502559473,0.0949,Tier 3 - Healthy,32.15,0.0,0.0,0.0,32.15
A100794,67,444.75,26.23,234.66,210.09,0.47237774030354135,0.0589769533445756,SME,Health/Beauty,Ground Economy,0.3307155072839323,37,156.4794850872581,-0.5249253891870882,0.276,Tier 1 - Act Now,26.23,2.86,-1.5,5.85,32.08
A100100,75,673.64,31.93,322.61,351.03,0.52109435306692,0.04739920432278368,Enterprise,Apparel/Soft Goods,Ground,0.4592070920974255,2,190.72286273456515,-0.1964906391793787,0.2186,Tier 2 - Monitor,31.93,0.0,0.0,0.0,31.93
A100898,72,1271.8700000000001,31.630000000000003,371.46,900.41,0.7079418494028477,0.02486889383348927,SME,Electronics,Ground Economy,0.2865067962726393,25,132.4934010771637,-0.5640767343985743,0.0396,Tier 3 - Healthy,31.630000000000003,0.0,0.0,0.0,31.630000000000003
A100218,64,608.14,31.590000000000003,256.44,351.7,0.57832078139902,0.05194527575887132,Enterprise,Apparel/Soft Goods,Ground,0.3326165196430974,19,148.0310615734393,-0.2962904271462133,0.18,Tier 2 - Monitor,31.590000000000003,0.0,0.0,0.0,31.590000000000003
A100308,75,791.49,31.560000000000002,320.06,471.43,0.5956234443896954,0.03987416139180533,SME,Apparel/Soft Goods,Ground Economy,0.3622467424237227,26,184.2933859777261,-0.5498703096312914,0.147,Tier 3 - Healthy,31.560000000000002,0.0,0.0,0.0,31.560000000000002
A100704,75,784.39,31.46,325.27,459.12,0.5853210775252107,0.04010759953594513,SME,Apparel/Soft Goods,Ground Economy,0.398212823909474,26,186.51128814391893,-0.4629755074187177,0.1556,Tier 3 - Healthy,31.46,0.0,0.0,0.0,31.46
A100228,71,387.46,21.22,253.47,133.99,0.3458163423321117,0.05476694368450937,Mid-Market,Health/Beauty,Ground,0.4729313478967295,20,162.3701976709546,-0.3583455960258124,0.3705,Tier 1 - Act Now,21.22,4.19,-1.5,10.16,31.38
A100667,63,672.37,31.04,271.45,400.92,0.5962788345702515,0.04616505792941386,Enterprise,Apparel/Soft Goods,Ground,0.3684643511311702,41,207.778015770247,-0.2765723844394824,0.1565,Tier 3 - Healthy,31.04,0.0,0.0,0.0,31.04
A100882,60,846.85,31.03,285.44,561.41,0.662939127354313,0.036641672078880555,Enterprise,Apparel/Soft Goods,Ground Economy,0.324033640555469,9,232.50181308077788,-0.2386914863541167,0.088,Tier 3 - Healthy,31.03,0.0,0.0,0.0,31.03
A100139,55,567.97,31.03,234.02,333.95,0.5879711956617426,0.05463316724474884,SME,Apparel/Soft Goods,Ground Economy,0.366549677416628,4,183.29900602002303,-0.4517777822706519,0.1766,Tier 2 - Monitor,31.03,0.0,0.0,0.0,31.03
A100278,56,582.95,30.79,266.94,316.01,0.542087657603568,0.05281756582897332,Mid-Market,Apparel/Soft Goods,Ground Economy,0.5030954288756566,17,252.2443046440733,-0.408211084357828,0.2104,Tier 2 - Monitor,30.79,0.0,0.0,0.0,30.79
A100361,85,1882.66,30.54,583.17,1299.49,0.6902414668607183,0.016221728830484526,SME,Home & Bulky,Ground Economy,0.4449022696873495,8,164.5930282924113,-0.6200314892228933,0.0336,Tier 3 - Healthy,30.54,0.0,0.0,0.0,30.54
A100618,66,609.03,29.97,294.98,314.05,0.515656043216262,0.04920939855179548,SME,Apparel/Soft Goods,Ground Economy,0.484430171023369,10,222.4856164003112,-0.5986717697424396,0.2258,Tier 2 - Monitor,29.97,0.0,0.0,0.0,29.97
A100534,46,555.36,29.66,207.25,348.11,0.6268186401613368,0.05340679919331605,SME,Apparel/Soft Goods,Ground,0.3239313066024296,21,181.6995605866157,-0.6264961850693253,0.1435,Tier 3 - Healthy,29.66,0.0,0.0,0.0,29.66
A100304,66,765.24,29.58,278.43,486.81,0.6361533636506194,0.03865453975223459,Mid-Market,Apparel/Soft Goods,Ground,0.2906596908936026,15,192.4704413512531,-0.5507856284376941,0.1126,Tier 3 - Healthy,29.58,0.0,0.0,0.0,29.58
A100466,83,755.55,29.419999999999998,324.53000000000003,431.02,0.5704718417047184,0.03893852160677652,Mid-Market,Apparel/Soft Goods,Ground,0.3244658280963466,16,169.26156566581344,-0.3419097172560895,0.1656,Tier 2 - Monitor,29.419999999999998,0.0,0.0,0.0,29.419999999999998
A100695,68,444.35,25.84,236.18,208.17,0.4684820524361426,0.05815235737594238,SME,Health/Beauty,Ground,0.3256205653089152,40,146.94190979638816,-0.6427956671266272,0.2778,Tier 1 - Act Now,25.84,2.33,-1.5,3.55,29.39
A100151,59,632.45,29.28,273.32,359.13,0.5678393548897146,0.046296149893272194,Mid-Market,Apparel/Soft Goods,Ground Economy,0.4679590373650935,2,248.44930374004375,-0.4462263825692222,0.1794,Tier 2 - Monitor,29.28,0.0,0.0,0.0,29.28
A100273,84,597.85,28.62,296.99,300.86,0.5032365978088149,0.04787153968386719,SME,Health/Beauty,Express,0.319888027800211,7,152.1561331807778,-0.5538467145305065,0.2336,Tier 2 - Monitor,28.62,0.0,0.0,0.0,28.62
A100022,66,1179.33,28.549999999999997,334.38,844.95,0.7164661290732874,0.02420866084980455,Enterprise,Electronics,Ground,0.2499915970354111,20,139.33671748808547,-0.2223294559887721,0.0385,Tier 3 - Healthy,28.549999999999997,0.0,0.0,0.0,28.549999999999997
A100288,50,527.74,28.27,212.58,315.15999999999997,0.5971880092469776,0.05356804487058021,SME,Apparel/Soft Goods,Ground,0.347681972933082,10,222.9520641295636,-0.4592943943406085,0.1675,Tier 2 - Monitor,28.27,0.0,0.0,0.0,28.27
A100476,72,579.51,28.27,280.97,298.54,0.515159358768615,0.04878259218995358,SME,Health/Beauty,Ground,0.3948813885982477,34,202.223740124659,-0.6216154861552218,0.2255,Tier 2 - Monitor,28.27,0.0,0.0,0.0,28.27
A100721,79,1311.97,27.86,395.68,916.29,0.6984077379818135,0.021235241659489163,SME,Electronics,Ground,0.3144054567954731,10,137.1254977599819,-0.6894103661863838,0.0351,Tier 3 - Healthy,27.86,0.0,0.0,0.0,27.86
A100683,67,1029.23,27.72,336.91,692.32,0.6726582007908826,0.02693275555512373,SME,Apparel/Soft Goods,Ground Economy,0.3365515462016762,15,231.43149093226475,-0.5869122086741962,0.0647,Tier 3 - Healthy,27.72,0.0,0.0,0.0,27.72
A100676,61,358.45,9.42,213.1,145.35,0.4054958850606779,0.026279815873901522,Enterprise,Health/Beauty,Ground Economy,0.4063150738704139,22,137.88767245815052,-0.225416862882522,0.2774,Tier 1 - Act Now,9.42,6.65,-1.5,18.12,27.54
A100264,80,859.63,27.38,321.71,537.92,0.6257575933831997,0.03185091260193339,Enterprise,Apparel/Soft Goods,Ground,0.2662903010433887,16,181.57302961194333,-0.2556066251246985,0.1101,Tier 3 - Healthy,27.38,0.0,0.0,0.0,27.38
A100835,72,530.02,27.33,245.86,284.16,0.536130712048602,0.05156409192105958,SME,Health/Beauty,Ground,0.1890904947612014,19,144.40544704092434,-0.4255591955451226,0.2132,Tier 2 - Monitor,27.33,0.0,0.0,0.0,27.33
A100815,68,440.88,18.310000000000002,256.37,184.51,0.4185039012883324,0.04153057521320995,Mid-Market,Health/Beauty,Ground,0.4661799167547305,21,168.75990243166132,-0.4175579033154097,0.2913,Tier 1 - Act Now,18.310000000000002,3.59,-1.5,8.99,27.300000000000004
A100495,55,644.52,27.18,231.01,413.51,0.6415782287593869,0.04217091789238503,SME,Apparel/Soft Goods,Ground Economy,0.2673493303483885,16,184.35837457980475,-0.5562528028720591,0.1139,Tier 3 - Healthy,27.18,0.0,0.0,0.0,27.18
A100544,60,699.83,27.169999999999998,271.26,428.57,0.612391580812483,0.03882371433062315,SME,Apparel/Soft Goods,Ground,0.3764917281272912,39,212.83224356980332,-0.5466897652312255,0.1319,Tier 3 - Healthy,27.169999999999998,0.0,0.0,0.0,27.169999999999998
A100216,68,466.8,21.12,266.88,199.92,0.42827763496143956,0.04524421593830334,SME,Apparel/Soft Goods,Ground Economy,0.477537664943554,9,178.12958552715585,-0.52914749053091,0.2894,Tier 1 - Act Now,21.12,2.83,-1.5,6.03,27.150000000000002
A100870,69,1165.92,26.94,333.37,832.55,0.7140712913407437,0.023106216550020584,Mid-Market,Electronics,Ground,0.2163377100835399,5,120.53027637992616,-0.3726002502146645,0.0368,Tier 3 - Healthy,26.94,0.0,0.0,0.0,26.94
A100345,64,837.89,26.84,269.84,568.05,0.6779529532516201,0.03203284440678371,Mid-Market,Apparel/Soft Goods,Express,0.187863592835473,27,174.72407418394312,-0.4376145388883268,0.0686,Tier 3 - Healthy,26.84,0.0,0.0,0.0,26.84
A100023,66,997.66,26.54,313.17,684.49,0.6860954633843194,0.026602249263276066,Mid-Market,Electronics,Ground,0.2852617166401468,25,125.90373914119648,-0.3814689010406145,0.0535,Tier 3 - Healthy,26.54,0.0,0.0,0.0,26.54
A100467,69,836.49,26.43,321.82,514.67,0.6152733445707659,0.031596313165728224,Enterprise,Apparel/Soft Goods,Ground,0.3958353032644066,33,226.03657959580616,-0.1808472167196456,0.1181,Tier 3 - Healthy,26.43,0.0,0.0,0.0,26.43
A100241,79,668.06,26.18,302.36,365.7,0.5474059216238063,0.039188096877525974,Mid-Market,Health/Beauty,Ground,0.350558019190248,21,180.8989309054604,-0.3897607270022325,0.1844,Tier 2 - Monitor,26.18,0.0,0.0,0.0,26.18
A100733,62,516.01,26.029999999999998,217.76,298.25,0.5779926745605706,0.05044475882250343,SME,Health/Beauty,Ground Economy,0.1722792036538968,41,167.95748956763984,-0.4936462624052566,0.1779,Tier 2 - Monitor,26.029999999999998,0.0,0.0,0.0,26.029999999999998
A100537,81,1061.71,26.009999999999998,392.76,668.95,0.6300684744421735,0.024498215143494925,SME,Electronics,Ground Economy,0.4063087518045355,28,137.47693774912895,-0.6005184559081223,0.0949,Tier 3 - Healthy,26.009999999999998,0.0,0.0,0.0,26.009999999999998
A100221,60,732.56,25.92,241.4,491.16,0.6704706781697063,0.03538276728186088,SME,Apparel/Soft Goods,Ground Economy,0.1731360569684708,24,179.4160477000325,-0.4775851245938924,0.0799,Tier 3 - Healthy,25.92,0.0,0.0,0.0,25.92
A100400,66,627.29,25.89,257.69,369.6,0.5892011669243891,0.041272776546732774,SME,Apparel/Soft Goods,Ground Economy,0.3128001407560211,23,159.93835253469362,-0.7129658072222559,0.1543,Tier 3 - Healthy,25.89,0.0,0.0,0.0,25.89
A100629,66,709.66,25.87,271.07,438.59000000000003,0.618028351604994,0.036454076600062,Mid-Market,Apparel/Soft Goods,Ground,0.2886957714073794,27,166.90101731377996,-0.3897534922162824,0.1236,Tier 3 - Healthy,25.87,0.0,0.0,0.0,25.87
A100305,58,611.8199999999999,25.54,237.84,373.98,0.6112582131999609,0.041744303880226215,SME,Apparel/Soft Goods,Ground,0.3067898787186874,21,194.48912035112903,-0.4611287003558325,0.1374,Tier 3 - Healthy,25.54,0.0,0.0,0.0,25.54
A100206,54,845.42,25.54,250.68,594.74,0.7034846585129285,0.03020983653095503,SME,Apparel/Soft Goods,Ground,0.2154737218601526,36,224.5278236620468,-0.6576403652352755,0.0481,Tier 3 - Healthy,25.54,0.0,0.0,0.0,25.54
A100140,64,699.08,25.52,252.96,446.12,0.6381530010871431,0.03650512101619271,SME,Apparel/Soft Goods,Ground Economy,0.2189131082143682,33,182.27081421566064,-0.6228815043624737,0.1076,Tier 3 - Healthy,25.52,0.0,0.0,0.0,25.52
A100818,75,597.33,25.419999999999998,264.66,332.67,0.5569283310732761,0.042556041049336205,Mid-Market,Health/Beauty,Ground,0.225684007563061,32,161.32357126830215,-0.3573692444240127,0.1822,Tier 2 - Monitor,25.419999999999998,0.0,0.0,0.0,25.419999999999998
A100289,72,705.76,25.4,268.57,437.19,0.6194598730446611,0.03598957152573112,SME,Health/Beauty,Ground,0.1849578581944614,14,169.18082012465186,-0.6338466642096077,0.1217,Tier 3 - Healthy,25.4,0.0,0.0,0.0,25.4
A100873,75,3202.14,24.619999999999997,665.5,2536.64,0.7921702361545716,0.007688608243237334,SME,Industrial/B2B,Ground,0.2574375893598604,33,123.00147193074896,-0.6421612294451227,0.0122,Tier 3 - Healthy,24.619999999999997,0.0,0.0,0.0,24.619999999999997
A100082,56,338.39,17.12,203.32,135.07,0.39915482135996927,0.05059251159904253,Mid-Market,Health/Beauty,Ground,0.4489929698618241,17,166.80042499697845,-0.4157148542180872,0.3212,Tier 1 - Act Now,17.12,3.61,-1.5,6.95,24.07
A100067,79,796.13,23.97,327.53,468.6,0.5885973396304623,0.030108148166756683,SME,Apparel/Soft Goods,Ground Economy,0.3600309908309673,7,203.7528707331519,-0.6642674192315129,0.137,Tier 3 - Healthy,23.97,0.0,0.0,0.0,23.97
A100481,65,740.98,23.86,279.3,461.68,0.6230667494399309,0.032200599206456314,SME,Apparel/Soft Goods,Ground Economy,0.3533549011636205,15,224.42790220332935,-0.508615644099318,0.1128,Tier 3 - Healthy,23.86,0.0,0.0,0.0,23.86
A100875,74,1091.07,23.82,370.72,720.35,0.6602234503744032,0.02183177981247766,Mid-Market,Electronics,Ground,0.3556756290308358,40,114.93098077607917,-0.3302740488272538,0.0666,Tier 3 - Healthy,23.82,0.0,0.0,0.0,23.82
A100310,63,359.86,17.62,219.85,140.01,0.38906797087756345,0.048963485800033346,SME,Health/Beauty,Ground,0.4369270109070171,34,150.4289541224684,-0.4638032662197066,0.3267,Tier 1 - Act Now,17.62,3.23,-1.5,6.07,23.69
A100296,66,993.18,23.65,270.68,722.5,0.7274612859703176,0.02381240057190036,Enterprise,Apparel/Soft Goods,Ground Economy,0.05,16,195.37531038538265,-0.2137712928384756,0.0379,Tier 3 - Healthy,23.65,0.0,0.0,0.0,23.65
A100294,85,2643.39,23.36,705.05,1938.34,0.7332781012260772,0.008837137160994027,Mid-Market,Industrial/B2B,Express,0.4256385586030883,27,119.87468589698716,-0.3254797386261474,0.0141,Tier 3 - Healthy,23.36,0.0,0.0,0.0,23.36
A100785,49,439.08,19.689999999999998,243.4,195.68,0.44565910540220466,0.044843764234308095,SME,Apparel/Soft Goods,Ground,0.6014447453266162,23,255.57444488825595,-0.6326676394480955,0.2748,Tier 1 - Act Now,19.689999999999998,2.37,-1.5,3.67,23.36
A100707,58,520.0,23.29,230.42,289.58,0.5568846153846153,0.044788461538461534,Mid-Market,Apparel/Soft Goods,Express,0.3456634381081529,3,161.49701306158167,-0.3478341454476092,0.1858,Tier 2 - Monitor,23.29,0.0,0.0,0.0,23.29
A100202,64,323.02,18.47,218.11,104.91,0.3247786514766888,0.057179122035787254,SME,Health/Beauty,Express,0.4296064233057181,30,141.99621920466433,-0.4973174642938957,0.3912,Tier 1 - Act Now,18.47,3.02,-1.5,4.75,23.22
A100212,67,950.22,23.16,354.75,595.47,0.626665403801225,0.024373303024562733,SME,Electronics,Ground Economy,0.4630919018824352,5,137.7538435439474,-0.5895836914042553,0.0975,Tier 3 - Healthy,23.16,0.0,0.0,0.0,23.16
A100672,71,1134.31,23.11,376.04,758.27,0.6684856873341503,0.020373619204626603,Enterprise,Electronics,Ground,0.3847613977219561,3,141.4249177375329,-0.2147852994513542,0.0576,Tier 3 - Healthy,23.11,0.0,0.0,0.0,23.11
A100459,74,511.58,11.74,295.67,215.91,0.42204542789006605,0.02294851245162047,Mid-Market,Apparel/Soft Goods,Ground,0.52132464547946,16,157.16830530027227,-0.397953135367652,0.2589,Tier 1 - Act Now,11.74,3.77,-1.5,11.32,23.060000000000002
A100131,57,341.46,7.55,203.74,137.72,0.4033268904117613,0.022110935395068237,Enterprise,Health/Beauty,Ground,0.4167725386779474,26,154.0810300753915,-0.2457707420776032,0.2725,Tier 1 - Act Now,7.55,6.1,-1.5,15.41,22.96
A100436,56,627.29,22.68,222.07999999999998,405.21,0.6459691689649125,0.03615552615217842,SME,Apparel/Soft Goods,Ground Economy,0.234282359622257,36,177.2329807948972,-0.6384840025885911,0.1008,Tier 3 - Healthy,22.68,0.0,0.0,0.0,22.68
A100545,71,1002.27,22.4,350.88,651.39,0.6499146936454249,0.022349267163538765,SME,Electronics,Ground Economy,0.3890091415175395,26,142.44787796809572,-0.6090318892655799,0.0756,Tier 3 - Healthy,22.4,0.0,0.0,0.0,22.4
A100634,63,818.61,22.24,279.15,539.46,0.6589951258841207,0.0271680042999719,SME,Apparel/Soft Goods,Ground,0.2822807125210929,15,184.82460223229705,-0.4988538227288398,0.076,Tier 3 - Healthy,22.24,0.0,0.0,0.0,22.24
A100862,69,573.51,21.81,283.15,290.36,0.506285853777615,0.03802897944238112,Mid-Market,Apparel/Soft Goods,Ground Economy,0.4522135894078477,27,172.09497057264946,-0.4445420087251986,0.2155,Tier 2 - Monitor,21.81,0.0,0.0,0.0,21.81
A100664,78,426.86,14.18,268.12,158.74,0.37187836761467463,0.033219322494494684,SME,Health/Beauty,Ground Economy,0.4175989949815841,2,139.52163848804227,-0.4506686046085251,0.3154,Tier 1 - Act Now,14.18,3.33,-1.5,7.59,21.77
A100152,64,664.08,21.759999999999998,261.98,402.1,0.6054993374292253,0.03276713648957957,SME,Apparel/Soft Goods,Ground,0.3091463367314843,2,181.02552710419872,-0.6176994418373066,0.1278,Tier 3 - Healthy,21.759999999999998,0.0,0.0,0.0,21.759999999999998
A100254,67,1201.1,21.61,335.64,865.46,0.7205561568562152,0.01799184081258846,SME,Electronics,Ground Economy,0.2536826249363235,36,150.40759019349068,-0.4372131045671758,0.0286,Tier 3 - Healthy,21.61,0.0,0.0,0.0,21.61
A100458,82,643.75,21.35,291.51,352.24,0.547168932038835,0.033165048543689325,Mid-Market,Health/Beauty,Ground Economy,0.2543513893181276,39,160.61536635051704,-0.4308652823471527,0.175,Tier 2 - Monitor,21.35,0.0,0.0,0.0,21.35
A100825,60,666.72,21.21,261.79,404.93,0.607346412287017,0.031812455003599714,SME,Apparel/Soft Goods,Ground,0.369145258993959,17,192.53884984570627,-0.4679179083851528,0.1248,Tier 3 - Healthy,21.21,0.0,0.0,0.0,21.21
A100788,75,1230.61,21.16,396.29,834.32,0.6779727127197082,0.01719472456749092,Mid-Market,Electronics,Ground,0.3725095973972597,34,142.89067799367388,-0.3693882494281452,0.045,Tier 3 - Healthy,21.16,0.0,0.0,0.0,21.16
A100054,77,3067.65,21.13,663.2,2404.45,0.783808452724398,0.0068880087363291116,Mid-Market,Industrial/B2B,Ground,0.2834283214353791,32,99.6382298224642,-0.4105691816358715,0.011,Tier 3 - Healthy,21.13,0.0,0.0,0.0,21.13
A100782,68,654.42,21.04,269.18,385.24,0.5886739402829987,0.03215060664405122,SME,Health/Beauty,Ground Economy,0.3084665005192664,18,212.0083215017106,-0.5701499438165223,0.1402,Tier 3 - Healthy,21.04,0.0,0.0,0.0,21.04
A100084,64,596.75,21.0,253.83,342.92,0.5746459991621282,0.03519061583577713,SME,Apparel/Soft Goods,Ground Economy,0.3379646680780053,11,186.2461859652585,-0.5097310260345654,0.1563,Tier 3 - Healthy,21.0,0.0,0.0,0.0,21.0
A100091,79,606.32,20.79,273.33,332.99,0.5491984430663676,0.034288824383164,Mid-Market,Health/Beauty,Ground,0.2030389997521172,16,134.46623147067925,-0.3698481023912809,0.1752,Tier 2 - Monitor,20.79,0.0,0.0,0.0,20.79
A100186,80,553.16,20.62,280.08,273.08,0.493672716754646,0.03727673729119966,SME,Health/Beauty,Ground Economy,0.3083733354689634,16,147.66459124389166,-0.5795435480443853,0.2244,Tier 2 - Monitor,20.62,0.0,0.0,0.0,20.62
A100297,62,620.34,20.400000000000002,225.49,394.85,0.6365057871489829,0.03288519199148854,Mid-Market,Health/Beauty,Ground,0.1433038101869945,40,159.30783596462717,-0.5005909003135628,0.1031,Tier 3 - Healthy,20.400000000000002,0.0,0.0,0.0,20.400000000000002
A100328,70,3015.45,20.34,601.69,2413.7599999999998,0.8004642756470841,0.006745261901208775,Mid-Market,Industrial/B2B,Ground Economy,0.2518385447469566,22,123.88503924820692,-0.3229700360030286,0.0107,Tier 3 - Healthy,20.34,0.0,0.0,0.0,20.34
A100520,74,529.09,20.3,252.10999999999999,276.98,0.5235026177020923,0.03836776351849402,Mid-Market,Health/Beauty,Ground Economy,0.2501778540267427,37,127.3945855593422,-0.4477351826864594,0.2023,Tier 2 - Monitor,20.3,0.0,0.0,0.0,20.3
A100771,54,1206.04,20.2,281.26,924.78,0.7667904878776823,0.016749029882922623,SME,Electronics,Ground,0.1004816253477791,7,138.71418384772414,-0.5824568039273932,0.0267,Tier 3 - Healthy,20.2,0.0,0.0,0.0,20.2
A100560,74,541.79,20.16,259.16,282.63,0.5216596836412632,0.03720998911017184,SME,Health/Beauty,Ground,0.2781731609636191,10,157.40204442051115,-0.5899053649727024,0.2019,Tier 2 - Monitor,20.16,0.0,0.0,0.0,20.16
A100790,66,422.48,15.61,236.76,185.72,0.439594773717099,0.03694849460329483,SME,Health/Beauty,Ground,0.3992507411672606,40,180.3420531166627,-0.5931375725207024,0.2671,Tier 1 - Act Now,15.61,2.53,-1.5,4.19,19.8
A100128,51,299.65999999999997,16.19,188.29,111.37,0.371654541814056,0.054027898284722695,SME,Health/Beauty,Ground Economy,0.4952647554550939,16,172.1670662460794,-0.5850364673894748,0.3487,Tier 1 - Act Now,16.19,2.56,-1.5,3.07,19.26
A100827,60,1750.41,19.18,498.48,1251.93,0.7152210053644574,0.01095743283002268,SME,Industrial/B2B,Ground Economy,0.4562458244000212,13,122.02700096343352,-0.6335571306786183,0.0174,Tier 3 - Healthy,19.18,0.0,0.0,0.0,19.18
A100675,58,551.0,19.15,248.8,302.2,0.5484573502722323,0.03475499092558983,SME,Apparel/Soft Goods,Ground Economy,0.4287454620148465,13,215.49963717793477,-0.535733018190706,0.1765,Tier 2 - Monitor,19.15,0.0,0.0,0.0,19.15
A100158,57,1037.48,18.87,304.01,733.47,0.7069726645332922,0.01818830242510699,Mid-Market,Electronics,Ground,0.2942478801090208,18,124.35580292090476,-0.3360437225603031,0.0289,Tier 3 - Healthy,18.87,0.0,0.0,0.0,18.87
A100556,72,688.53,18.69,304.45,384.08,0.5578260932711719,0.02714478671953292,SME,Apparel/Soft Goods,Ground,0.4258552816141815,31,223.8475374257075,-0.4943415219999583,0.1569,Tier 3 - Healthy,18.69,0.0,0.0,0.0,18.69
A100840,64,660.91,18.66,261.33,399.58,0.6045906401779365,0.02823379885309649,SME,Apparel/Soft Goods,Ground,0.3218394215571319,28,157.9077692900139,-0.5889772086843124,0.1213,Tier 3 - Healthy,18.66,0.0,0.0,0.0,18.66
A100486,58,349.89,16.59,201.45,148.44,0.4242476206807854,0.04741490182628826,SME,Health/Beauty,Express,0.3756616665677554,12,153.57014591175528,-0.7145665795187519,0.2961,Tier 1 - Act Now,16.59,2.1,-1.5,1.99,18.58
A100402,76,522.86,18.53,267.52,255.34,0.4883525226638106,0.035439697050835786,Mid-Market,Health/Beauty,Express,0.3080971493399875,23,147.876005832361,-0.4018236547161738,0.2257,Tier 2 - Monitor,18.53,0.0,0.0,0.0,18.53
A100762,73,365.89,10.370000000000001,240.94,124.95,0.34149607805624643,0.028341851376096645,SME,Health/Beauty,Ground,0.4024937889614103,13,137.1786877773625,-0.3964353451942657,0.3319,Tier 1 - Act Now,10.370000000000001,3.78,-1.5,8.15,18.520000000000003
A100550,53,2019.18,18.47,402.48,1616.7,0.8006715597420735,0.009147277607741755,SME,Industrial/B2B,Ground Economy,0.1837949169147348,36,113.18992924562416,-0.7387146250538846,0.0146,Tier 3 - Healthy,18.47,0.0,0.0,0.0,18.47
A100191,54,1224.27,18.43,309.26,915.01,0.7473923235887509,0.01505386883612275,SME,Electronics,Ground,0.2284774278846676,39,142.92880544093714,-0.5105513937274173,0.024,Tier 3 - Healthy,18.43,0.0,0.0,0.0,18.43
A100005,65,301.93,3.77,218.59,83.34,0.2760242440300732,0.01248633789288908,Enterprise,Health/Beauty,Ground,0.4647058696031102,23,119.69087197883417,-0.2345648368534883,0.359,Tier 1 - Act Now,3.77,6.39,-1.5,14.49,18.26
A100548,83,1357.51,18.07,399.86,957.65,0.7054460003977872,0.013311135829570317,Mid-Market,Electronics,Ground Economy,0.247676431405916,2,124.07615680968232,-0.3856381822894973,0.0212,Tier 3 - Healthy,18.07,0.0,0.0,0.0,18.07
A100768,67,442.5,11.040000000000001,253.67000000000002,188.83,0.4267344632768362,0.024949152542372885,SME,Apparel/Soft Goods,Ground,0.4871121228563247,33,163.4961664207738,-0.4802076613017194,0.2583,Tier 1 - Act Now,11.040000000000001,3.12,-1.5,6.98,18.020000000000003
A100632,59,1153.74,17.93,325.42,828.32,0.7179433841246728,0.015540763083537018,SME,Electronics,Ground,0.2873756318376171,33,163.0053166055946,-0.551019793382184,0.0247,Tier 3 - Healthy,17.93,0.0,0.0,0.0,17.93
A100822,61,501.67,17.87,214.32,287.35,0.57278689178145,0.03562102577391513,SME,Health/Beauty,Ground Economy,0.1787358977398778,34,153.67544393332028,-0.6444289504532589,0.1585,Tier 3 - Healthy,17.87,0.0,0.0,0.0,17.87
A100233,78,573.75,17.779999999999998,269.59,304.16,0.5301263616557734,0.030989106753812633,SME,Health/Beauty,Ground,0.2126384270862433,19,153.95768327102655,-0.5508724544561487,0.1852,Tier 2 - Monitor,17.779999999999998,0.0,0.0,0.0,17.779999999999998
A100863,79,587.99,17.53,292.7,295.29,0.5022024184084763,0.029813432201227914,SME,Apparel/Soft Goods,Ground Economy,0.3835843338265932,34,151.9359885481094,-0.5981408200762508,0.2057,Tier 2 - Monitor,17.53,0.0,0.0,0.0,17.53
A100739,75,584.77,17.48,263.03,321.74,0.5501992236263831,0.02989209432768439,SME,Health/Beauty,Ground,0.2234987275220489,4,147.24199388301747,-0.5526048650882142,0.1674,Tier 2 - Monitor,17.48,0.0,0.0,0.0,17.48
A100465,70,1129.73,17.48,344.87,784.86,0.6947323696812513,0.015472723571118762,Mid-Market,Electronics,Ground Economy,0.3129284408275537,10,122.18823239131048,-0.3754172915473652,0.0288,Tier 3 - Healthy,17.48,0.0,0.0,0.0,17.48
A100199,83,540.02,12.55,302.38,237.64,0.44005777563793935,0.023239880004444283,SME,Apparel/Soft Goods,Ground,0.4396339485370247,35,130.62370493959037,-0.6199477591697603,0.2449,Tier 1 - Act Now,12.55,2.42,-1.5,4.77,17.32
A100029,67,376.6,7.029999999999999,221.35999999999999,155.24,0.4122145512480085,0.018667020711630376,Mid-Market,Health/Beauty,Ground,0.3180098329093415,9,118.88191665327273,-0.3507592992957856,0.2599,Tier 1 - Act Now,7.029999999999999,4.28,-1.5,10.21,17.240000000000002
A100872,58,943.5600000000001,17.22,264.91,678.65,0.7192441392174318,0.018250031794480474,Enterprise,Electronics,Ground Economy,0.1806164847965374,18,115.6543011085134,-0.230714494556552,0.029,Tier 3 - Healthy,17.22,0.0,0.0,0.0,17.22
A100456,59,1078.26,17.19,291.39,786.87,0.7297590562573034,0.015942351566412556,Enterprise,Electronics,Express,0.2066228974580271,21,138.3140630531426,-0.1850149213792572,0.0254,Tier 3 - Healthy,17.19,0.0,0.0,0.0,17.19
A100635,69,1156.99,17.18,313.18,843.81,0.7293148601111504,0.014848875098315456,SME,Electronics,Express,0.1283184128234923,3,108.10235458559004,-0.5163971995337251,0.0236,Tier 3 - Healthy,17.18,0.0,0.0,0.0,17.18
A100056,66,385.67,11.399999999999999,231.57,154.1,0.3995643944304716,0.029558949360852536,SME,Health/Beauty,Ground Economy,0.4154348329091697,39,144.07389213676475,-0.4948677245623129,0.2874,Tier 1 - Act Now,11.399999999999999,3.03,-1.5,5.73,17.13
A100687,54,893.61,17.12,289.35,604.26,0.6762010272937858,0.019158245767169124,Enterprise,Electronics,Ground,0.3785247531358856,21,148.17353086546632,-0.2642568151854824,0.0495,Tier 3 - Healthy,17.12,0.0,0.0,0.0,17.12
A100350,64,432.8,11.4,239.03,193.77,0.44771256931608133,0.02634011090573013,SME,Apparel/Soft Goods,Ground,0.4583720361192999,27,143.0484571087876,-0.5242807975153745,0.2437,Tier 1 - Act Now,11.4,2.86,-1.5,5.7,17.1
A100843,64,1881.9,17.07,509.76,1372.14,0.7291248206599713,0.009070620117965885,SME,Industrial/B2B,Express,0.4174751815086581,20,113.80952498503842,-0.5513819334984187,0.0144,Tier 3 - Healthy,17.07,0.0,0.0,0.0,17.07
A100824,48,900.54,16.87,239.81,660.73,0.7337042219112977,0.018733204521731408,Mid-Market,Electronics,Ground,0.1818836068509226,3,141.0383208956049,-0.3811575563739431,0.0298,Tier 3 - Healthy,16.87,0.0,0.0,0.0,16.87
A100220,75,570.1,16.81,262.43,307.67,0.5396772496053324,0.02948605507805648,SME,Health/Beauty,Ground,0.2310209673702802,28,148.02093830685848,-0.4656778022069225,0.1752,Tier 2 - Monitor,16.81,0.0,0.0,0.0,16.81
A100078,65,1063.34,16.6,331.46,731.88,0.6882840859931914,0.015611187390674668,SME,Electronics,Ground,0.3361919367285068,20,135.41074598880095,-0.3746866646955012,0.0342,Tier 3 - Healthy,16.6,0.0,0.0,0.0,16.6
A100685,68,2172.02,16.54,570.89,1601.13,0.7371617204261471,0.007615031169142089,SME,Industrial/B2B,Ground Economy,0.4110101494939771,4,130.8354808129591,-0.4862114028604627,0.0121,Tier 3 - Healthy,16.54,0.0,0.0,0.0,16.54
A100092,65,485.75,16.52,220.84,264.90999999999997,0.5453628409675758,0.03400926402470406,SME,Health/Beauty,Ground,0.1898065429836495,5,136.03559061221864,-0.4333855406445247,0.1778,Tier 2 - Monitor,16.52,0.0,0.0,0.0,16.52
A100253,69,639.85,16.5,268.38,371.47,0.5805579432679534,0.02578729389700711,SME,Apparel/Soft Goods,Ground,0.3105984825914844,9,173.6743382752607,-0.5510769488682239,0.1366,Tier 3 - Healthy,16.5,0.0,0.0,0.0,16.5
A100318,60,349.67,10.28,201.18,148.49,0.4246575342465754,0.029399147767895442,SME,Health/Beauty,Ground Economy,0.3313799565340296,12,123.3806580564336,-0.4533299359696296,0.2671,Tier 1 - Act Now,10.28,3.31,-1.5,6.15,16.43
A100613,78,657.83,16.39,272.13,385.7,0.5863216940546949,0.02491525166076342,Enterprise,Health/Beauty,Ground,0.1794835639323039,38,146.04980211858043,-0.2131548681890052,0.1306,Tier 3 - Healthy,16.39,0.0,0.0,0.0,16.39
A100492,76,915.35,16.04,314.25,601.1,0.6566886983121211,0.017523351723384498,Mid-Market,Apparel/Soft Goods,Ground,0.2530318571927797,28,181.6417191448474,-0.3975051766671981,0.0625,Tier 3 - Healthy,16.04,0.0,0.0,0.0,16.04
A100553,68,2322.17,15.75,547.5,1774.67,0.7642291477368152,0.006782449174694359,Enterprise,Industrial/B2B,Ground,0.3286253836225006,8,119.06655482512308,-0.1841443441342683,0.0108,Tier 3 - Healthy,15.75,0.0,0.0,0.0,15.75
A100574,57,1060.19,15.69,284.2,775.99,0.731934841867967,0.014799234099548192,Mid-Market,Electronics,Ground Economy,0.2174820805555824,7,127.7404172619032,-0.3213126520915676,0.0236,Tier 3 - Healthy,15.69,0.0,0.0,0.0,15.69
A100661,73,1208.33,15.66,383.83,824.5,0.6823467099219584,0.012960035751822764,Mid-Market,Electronics,Ground,0.3750253743033699,30,152.82173307307838,-0.3875564734640522,0.0347,Tier 3 - Healthy,15.66,0.0,0.0,0.0,15.66
A100711,74,582.25,15.58,274.68,307.57,0.5282438814942035,0.026758265349935594,Mid-Market,Health/Beauty,Ground,0.3264943087550743,21,167.90041399317104,-0.3837489854856967,0.18,Tier 2 - Monitor,15.58,0.0,0.0,0.0,15.58
A100034,63,437.89,15.48,220.98,216.91,0.495352714151956,0.03535134394482633,SME,Health/Beauty,Ground Economy,0.3685198231477707,27,183.4153130609003,-0.4602146070729879,0.22,Tier 2 - Monitor,15.48,0.0,0.0,0.0,15.48
A100899,50,719.24,15.379999999999999,256.93,462.31,0.6427757076914521,0.021383682776263832,SME,Electronics,Express,0.4063092453610908,18,131.29669909014228,-0.6581104338186002,0.0798,Tier 3 - Healthy,15.379999999999999,0.0,0.0,0.0,15.379999999999999
A100509,81,415.73,8.61,285.52,130.21,0.3132080917903447,0.020710557332884322,SME,Health/Beauty,Express,0.4976719847117621,40,150.7764327157696,-0.4732252067381152,0.3424,Tier 1 - Act Now,8.61,3.17,-1.5,6.74,15.35
A100564,66,355.13,6.76,227.05,128.07999999999998,0.3606566609410638,0.01903528285416608,Mid-Market,Health/Beauty,Ground,0.4304495025205568,21,115.63680326661594,-0.3769813561712073,0.3018,Tier 1 - Act Now,6.76,3.98,-1.5,8.59,15.35
A100407,58,337.15999999999997,5.02,197.27,139.89000000000001,0.4149068691422471,0.014889073436943885,Mid-Market,Health/Beauty,Ground,0.368530328306314,12,132.85975202257103,-0.3261412917966712,0.2518,Tier 1 - Act Now,5.02,4.6,-1.5,10.22,15.24
A100110,74,434.86,11.17,254.89,179.97,0.41385733339465575,0.02568642781584878,SME,Health/Beauty,Ground Economy,0.3949765553658123,13,159.01701915274973,-0.6182483437190914,0.2698,Tier 1 - Act Now,11.17,2.43,-1.5,3.87,15.04
A100159,78,380.56,1.0499999999999998,250.31,130.25,0.34225877653983605,0.0027590918646205587,Mid-Market,Health/Beauty,Ground,0.3773362470172945,24,114.5694113975556,-0.2858700955518926,0.2906,Tier 1 - Act Now,1.0499999999999998,5.25,-1.5,13.96,15.010000000000002
A100267,73,907.51,14.809999999999999,354.28,553.23,0.6096131172108297,0.01631937940077795,SME,Electronics,Express,0.4342589222790115,11,124.65142593503698,-0.6807840501702862,0.0983,Tier 3 - Healthy,14.809999999999999,0.0,0.0,0.0,14.809999999999999
A100130,66,876.9,14.68,317.13,559.77,0.6383510092370852,0.016740791424335728,SME,Electronics,Ground,0.3969895981274765,25,120.64440980193538,-0.5749183952957768,0.076,Tier 3 - Healthy,14.68,0.0,0.0,0.0,14.68
A100558,79,2906.39,14.64,650.11,2256.28,0.776317011825667,0.0050371767037458845,SME,Industrial/B2B,Express,0.299355424158946,32,94.8715755774472,-0.5437135875556162,0.008,Tier 3 - Healthy,14.64,0.0,0.0,0.0,14.64
A100578,63,803.97,14.59,313.52,490.45,0.6100352003184198,0.018147443312561413,Mid-Market,Electronics,Ground Economy,0.44082628254805,34,129.98753023116691,-0.4526516679267363,0.1009,Tier 3 - Healthy,14.59,0.0,0.0,0.0,14.59
A100772,70,565.39,14.55,242.31,323.08,0.5714285714285714,0.02573444878756257,SME,Health/Beauty,Ground,0.117755294395652,10,146.3081469883997,-0.4320041041325047,0.1438,Tier 3 - Healthy,14.55,0.0,0.0,0.0,14.55
A100887,72,416.34,8.72,242.22,174.12,0.41821588125090076,0.020944420425613685,SME,Health/Beauty,Ground,0.3584723314585234,12,117.334105962859,-0.5098129456421958,0.2588,Tier 1 - Act Now,8.72,2.94,-1.5,5.82,14.540000000000001
A100649,61,701.72,14.530000000000001,249.95,451.77,0.6438037963860229,0.020706264606965744,SME,Apparel/Soft Goods,Ground,0.2793866354529014,4,183.60604805858384,-0.5312165955921693,0.0779,Tier 3 - Healthy,14.530000000000001,0.0,0.0,0.0,14.530000000000001
A100020,69,552.46,14.469999999999999,259.01,293.45,0.5311696774427107,0.026191941498027,Mid-Market,Apparel/Soft Goods,Express,0.3649815326556534,32,162.62506108335285,-0.3545962653049671,0.1767,Tier 2 - Monitor,14.469999999999999,0.0,0.0,0.0,14.469999999999999
A100540,60,454.09,14.46,220.82,233.27,0.513708736153626,0.03184390759541061,Enterprise,Apparel/Soft Goods,Ground Economy,0.3580023299048613,30,144.2727755167088,-0.1800444719416714,0.1997,Tier 2 - Monitor,14.46,0.0,0.0,0.0,14.46
A100712,59,332.90999999999997,6.56,197.29,135.62,0.40737736925895895,0.01970502538223544,Mid-Market,Health/Beauty,Ground Economy,0.3620322829776129,40,147.3855316623263,-0.3897093099359869,0.2655,Tier 1 - Act Now,6.56,3.85,-1.5,7.63,14.19
A100217,60,435.82,14.09,211.67000000000002,224.15,0.5143178376393924,0.03232986095176908,SME,Health/Beauty,Ground Economy,0.3138982648971591,38,147.13882731339626,-0.6387457140481775,0.2,Tier 2 - Monitor,14.09,0.0,0.0,0.0,14.09
A100740,76,529.52,14.06,265.37,264.15,0.4988480132950597,0.026552349297476963,SME,Health/Beauty,Ground,0.292190370701209,35,143.90076456200072,-0.5889963551096856,0.2032,Tier 2 - Monitor,14.06,0.0,0.0,0.0,14.06
A100810,66,417.32,13.95,224.37,192.95,0.46235502731716666,0.033427585545864086,SME,Health/Beauty,Express,0.3162244965551469,25,154.59759925985003,-0.4760726733584982,0.2433,Tier 2 - Monitor,13.95,0.0,0.0,0.0,13.95
A100033,69,521.8,13.91,241.63,280.17,0.536929858183212,0.026657723265619014,SME,Health/Beauty,Ground Economy,0.2735619607804551,22,157.31123242782456,-0.5794449800602957,0.1729,Tier 2 - Monitor,13.91,0.0,0.0,0.0,13.91
A100851,69,759.47,13.71,271.15,488.32,0.6429747060450051,0.018052062622618405,SME,Apparel/Soft Goods,Ground,0.1987631706940274,16,160.26791761062643,-0.3720015331200887,0.0744,Tier 3 - Healthy,13.71,0.0,0.0,0.0,13.71
A100876,73,557.64,13.65,261.92,295.71999999999997,0.5303062907969299,0.024478157951366476,SME,Health/Beauty,Ground,0.2895522192253473,31,170.53607246134314,-0.569682529079164,0.1747,Tier 2 - Monitor,13.65,0.0,0.0,0.0,13.65
A100373,67,1237.55,13.39,352.43,885.12,0.7152195870873904,0.010819764857985538,SME,Electronics,Ground Economy,0.2778847017342845,33,121.92100768320856,-0.6910366057891673,0.0172,Tier 3 - Healthy,13.39,0.0,0.0,0.0,13.39
A100227,75,389.95,9.64,244.71,145.24,0.3724580074368509,0.024721118092063087,SME,Health/Beauty,Ground Economy,0.3710138715613441,11,140.22290172876305,-0.6234272405138127,0.3014,Tier 1 - Act Now,9.64,2.41,-1.5,3.39,13.030000000000001
A100051,54,584.07,12.98,209.01,375.06,0.6421490574759874,0.022223363637920112,SME,Apparel/Soft Goods,Express,0.1920503204086102,11,163.72133110040252,-0.6063993701820771,0.0817,Tier 3 - Healthy,12.98,0.0,0.0,0.0,12.98
A100890,70,507.49,12.89,246.71,260.78,0.5138623421151155,0.02539951526138446,SME,Health/Beauty,Express,0.3087836099889416,34,142.41152351542564,-0.5623324383110095,0.1893,Tier 2 - Monitor,12.89,0.0,0.0,0.0,12.89
A100445,65,1074.67,12.85,316.16,758.51,0.7058073641210789,0.011957158941814695,Mid-Market,Electronics,Ground Economy,0.2729178342224464,21,98.3160162621548,-0.3812367957504152,0.019,Tier 3 - Healthy,12.85,0.0,0.0,0.0,12.85
A100786,63,998.7,12.58,321.71,676.99,0.677871232602383,0.012596375287874237,Mid-Market,Electronics,Ground Economy,0.3575257478166735,27,127.9490167882816,-0.3745566098213503,0.0378,Tier 3 - Healthy,12.58,0.0,0.0,0.0,12.58
A100780,75,377.45,8.33,252.83,124.62,0.3301629354881441,0.02206914823155385,SME,Health/Beauty,Ground Economy,0.4428394368334384,23,126.2326261654808,-0.5639216766063256,0.331,Tier 1 - Act Now,8.33,2.66,-1.5,4.23,12.56
A100606,79,556.87,12.55,280.75,276.12,0.495842835850378,0.02253667821933306,Mid-Market,Health/Beauty,Ground,0.353695667606019,11,151.78389362950574,-0.4253647033172649,0.1992,Tier 2 - Monitor,12.55,0.0,0.0,0.0,12.55
A100832,75,512.5,12.49,258.03,254.47,0.49652682926829267,0.024370731707317073,SME,Health/Beauty,Express,0.2896798383289503,2,130.25557220929528,-0.2916178524536051,0.2016,Tier 2 - Monitor,12.49,0.0,0.0,0.0,12.49
A100514,60,556.41,12.45,235.02,321.39,0.577613630236696,0.022375586348196475,SME,Apparel/Soft Goods,Ground Economy,0.3065972779190634,15,173.340877208703,-0.4816442823417279,0.1335,Tier 3 - Healthy,12.45,0.0,0.0,0.0,12.45
A100669,67,1264.51,12.39,336.76,927.75,0.7336834030573107,0.009798261777289227,SME,Electronics,Ground Economy,0.2191034022411747,39,123.67252518789871,-0.5778431839525543,0.0156,Tier 3 - Healthy,12.39,0.0,0.0,0.0,12.39
A100251,66,2930.09,12.37,581.07,2349.02,0.8016886853304847,0.0042217133262118225,Mid-Market,Industrial/B2B,Ground Economy,0.2382441601670034,13,108.83190067584832,-0.3266139243962158,0.0067,Tier 3 - Healthy,12.37,0.0,0.0,0.0,12.37
A100584,79,1472.03,12.05,374.23,1097.8,0.7457728443034449,0.008185974470628996,Enterprise,Electronics,Ground Economy,0.1355879548832475,8,115.08669924368152,-0.2153775104395763,0.013,Tier 3 - Healthy,12.05,0.0,0.0,0.0,12.05
A100621,54,818.53,12.030000000000001,267.51,551.02,0.6731824123734012,0.014697078909752852,SME,Electronics,Ground Economy,0.3307448702697316,2,136.0402671194823,-0.5093254989309505,0.0448,Tier 3 - Healthy,12.030000000000001,0.0,0.0,0.0,12.030000000000001
A100178,60,941.14,11.95,321.29,619.85,0.6586161463756721,0.01269736702297214,Mid-Market,Electronics,Ground,0.3979869612522776,40,148.9050364714749,-0.3577810858490171,0.0533,Tier 3 - Healthy,11.95,0.0,0.0,0.0,11.95
A100511,68,2475.23,11.91,578.55,1896.68,0.7662641451501477,0.004811674066652392,Mid-Market,Industrial/B2B,Ground Economy,0.3470485386110199,1,118.50466576507866,-0.4714513697740152,0.0077,Tier 3 - Healthy,11.91,0.0,0.0,0.0,11.91
A100516,70,1003.91,11.85,311.0,692.91,0.6902112739189767,0.011803846958392684,SME,Electronics,Ground Economy,0.2423525591851636,22,90.34210575331733,-0.6012122727028625,0.0266,Tier 3 - Healthy,11.85,0.0,0.0,0.0,11.85
A100343,62,584.84,11.76,240.37,344.46999999999997,0.5889987004992818,0.02010806374392996,SME,Apparel/Soft Goods,Ground,0.3004377669192312,24,153.46404251691112,-0.6616914326104315,0.1208,Tier 3 - Healthy,11.76,0.0,0.0,0.0,11.76
A100416,74,1260.57,11.75,347.62,912.95,0.7242358615546935,0.009321180101065392,SME,Electronics,Ground Economy,0.2061673273039057,18,125.40642972956051,-0.670601870899972,0.0148,Tier 3 - Healthy,11.75,0.0,0.0,0.0,11.75
A100761,67,1004.02,11.67,329.15,674.87,0.6721678851018904,0.011623274436764208,SME,Electronics,Ground,0.3598981900702346,10,114.1534468845762,-0.5160367207320274,0.0408,Tier 3 - Healthy,11.67,0.0,0.0,0.0,11.67
A100126,67,2742.1,11.469999999999999,575.13,2166.97,0.7902592903249334,0.004182925495058531,SME,Industrial/B2B,Ground Economy,0.2505956676142358,25,102.56718726728852,-0.418771399892773,0.0067,Tier 3 - Healthy,11.469999999999999,0.0,0.0,0.0,11.469999999999999
A100563,58,1711.23,11.39,406.45,1304.78,0.7624807886724754,0.00665603104199903,Mid-Market,Home & Bulky,Express,0.2893797921028452,16,173.28906225496056,-0.4214838105676807,0.0106,Tier 3 - Healthy,11.39,0.0,0.0,0.0,11.39
A100389,70,1257.57,11.370000000000001,354.13,903.44,0.7184013613556304,0.00904124621293447,Mid-Market,Electronics,Express,0.2359050861329542,12,117.03590324033686,-0.4222166344610552,0.0144,Tier 3 - Healthy,11.370000000000001,0.0,0.0,0.0,11.370000000000001
A100565,66,435.42,11.34,233.77,201.65,0.4631160718386845,0.0260438197602315,Mid-Market,Health/Beauty,Ground,0.3628965391127199,28,154.23069208097166,-0.4462188830308378,0.231,Tier 2 - Monitor,11.34,0.0,0.0,0.0,11.34
A100433,80,3647.85,11.08,669.06,2978.79,0.8165878531189605,0.0030374055950765522,Mid-Market,Industrial/B2B,Express,0.1628902257429382,12,102.09197515805396,-0.4080400214773096,0.0048,Tier 3 - Healthy,11.08,0.0,0.0,0.0,11.08
A100369,82,1283.07,11.059999999999999,401.74,881.3299999999999,0.6868915959378677,0.00861995058726336,Mid-Market,Electronics,Ground,0.2929603444196642,26,128.79400374929878,-0.398518024591189,0.0242,Tier 3 - Healthy,11.059999999999999,0.0,0.0,0.0,11.059999999999999
A100246,67,482.46,11.01,243.77,238.69,0.49473531484475397,0.022820544708369608,SME,Health/Beauty,Ground,0.3503466900816669,9,150.5537052706538,-0.6722431865497256,0.2005,Tier 2 - Monitor,11.01,0.0,0.0,0.0,11.01
A100177,58,1177.21,11.0,291.91,885.3000000000001,0.7520323476694898,0.009344127216044716,Enterprise,Electronics,Express,0.1737542615145847,32,127.80187429556632,-0.2109988524268556,0.0149,Tier 3 - Healthy,11.0,0.0,0.0,0.0,11.0
A100330,80,694.64,10.88,303.48,391.16,0.5631118277093171,0.015662789358516643,Mid-Market,Apparel/Soft Goods,Ground Economy,0.3167525676082545,38,120.10956020801974,-0.3038527133646883,0.1344,Tier 3 - Healthy,10.88,0.0,0.0,0.0,10.88
A100838,74,1121.19,10.83,353.3,767.89,0.6848883775274485,0.009659379766141332,SME,Electronics,Ground,0.2977177824242789,29,116.81857242765356,-0.5118369178403325,0.0275,Tier 3 - Healthy,10.83,0.0,0.0,0.0,10.83
A100752,69,1054.98,10.73,300.33,754.65,0.7153216174714212,0.010170808925287683,SME,Apparel/Soft Goods,Ground,0.1473393318876221,6,198.97095341601363,-0.6753494832407548,0.0162,Tier 3 - Healthy,10.73,0.0,0.0,0.0,10.73
A100379,78,1096.8799999999999,10.600000000000001,380.92,715.96,0.6527240901465977,0.00966377361242798,Mid-Market,Electronics,Express,0.3578639323838035,24,110.32608550562846,-0.2952141419772968,0.0532,Tier 3 - Healthy,10.600000000000001,0.0,0.0,0.0,10.600000000000001
A100422,62,607.3,10.58,248.56,358.74,0.5907129919315002,0.017421373291618643,SME,Apparel/Soft Goods,Ground,0.3399238041249239,12,192.4008197315509,-0.4832148097867256,0.1152,Tier 3 - Healthy,10.58,0.0,0.0,0.0,10.58
A100331,63,840.69,10.52,310.28000000000003,530.41,0.6309222186537249,0.012513530552284432,SME,Electronics,Ground,0.4228053565399183,15,127.04805717812172,-0.5813295555511425,0.0752,Tier 3 - Healthy,10.52,0.0,0.0,0.0,10.52
A100406,75,1223.11,10.469999999999999,370.55,852.56,0.6970427843775294,0.00856014585769064,SME,Electronics,Ground,0.2826486002819153,12,111.78265236278855,-0.5812959088074007,0.016,Tier 3 - Healthy,10.469999999999999,0.0,0.0,0.0,10.469999999999999
A100795,70,1178.6,10.42,329.22,849.38,0.7206685898523673,0.008840997793992873,SME,Electronics,Express,0.1920746027824733,10,114.88028434234104,-0.5229282163479005,0.0141,Tier 3 - Healthy,10.42,0.0,0.0,0.0,10.42
A100776,69,395.21999999999997,5.41,228.16,167.06,0.42270128029958004,0.013688578513233138,SME,Health/Beauty,Ground,0.326553258083005,41,124.65695711473698,-0.5357669361563213,0.2436,Tier 1 - Act Now,5.41,2.8,-1.5,4.97,10.379999999999999
A100167,53,234.54,5.74,176.84,57.699999999999996,0.24601347318154684,0.02447343736676047,Mid-Market,Health/Beauty,Ground,0.492613237466951,14,142.37686794080366,-0.4315166073758817,0.4021,Tier 1 - Act Now,5.74,3.48,-1.5,4.51,10.25
A100551,58,1021.25,10.14,272.06,749.19,0.7336009791921665,0.009929008567931457,SME,Electronics,Express,0.1777948233859867,6,139.62547491484398,-0.4256328010182511,0.0158,Tier 3 - Healthy,10.14,0.0,0.0,0.0,10.14
A100531,50,646.3100000000001,10.1,247.74,398.57,0.6166854914824155,0.015627175813464126,Mid-Market,Electronics,Ground Economy,0.4264209488858009,39,114.3326323766604,-0.4243013425779992,0.0915,Tier 3 - Healthy,10.1,0.0,0.0,0.0,10.1
A100255,62,1006.9300000000001,9.969999999999999,298.88,708.05,0.703176983504315,0.009901383412948267,Mid-Market,Apparel/Soft Goods,Ground,0.2537755180675407,4,256.46848240372265,-0.3492469342230875,0.0158,Tier 3 - Healthy,9.969999999999999,0.0,0.0,0.0,9.969999999999999
A100723,73,596.83,9.92,273.5,323.33,0.5417455556858737,0.01662114840071712,Enterprise,Apparel/Soft Goods,Ground,0.3415507969301756,16,141.48415974370533,-0.2408836913676031,0.1531,Tier 3 - Healthy,9.92,0.0,0.0,0.0,9.92
A100205,49,318.69,9.84,163.54,155.15,0.4868367378957608,0.030876400263579025,SME,Health/Beauty,Express,0.2535413327741403,33,139.27066834566793,-0.608597677308872,0.2197,Tier 2 - Monitor,9.84,0.0,0.0,0.0,9.84
A100846,68,327.01,6.08,226.27,100.74,0.3080639735787896,0.018592703587046268,SME,Health/Beauty,Ground,0.4281374793937146,28,123.60940459263549,-0.5661107731254006,0.3431,Tier 1 - Act Now,6.08,2.65,-1.5,3.63,9.71
A100792,80,493.19,4.550000000000001,291.52,201.67,0.408909345282751,0.009225653399298447,SME,Apparel/Soft Goods,Ground,0.4603470384767504,14,109.82154991212896,-0.5818571193318558,0.2476,Tier 1 - Act Now,4.550000000000001,2.58,-1.5,5.13,9.68
A100494,71,2848.65,9.32,580.99,2267.66,0.7960472504519684,0.003271725203166412,Mid-Market,Industrial/B2B,Ground Economy,0.257639749037064,6,104.3665865265471,-0.344429637926885,0.0052,Tier 3 - Healthy,9.32,0.0,0.0,0.0,9.32
A100398,57,442.46,9.23,206.25,236.21,0.5338561677891788,0.020860642769967908,SME,Health/Beauty,Ground Economy,0.3104116397434029,5,136.66488903139134,-0.5111529049234498,0.1661,Tier 2 - Monitor,9.23,0.0,0.0,0.0,9.23
A100073,71,2550.06,9.02,579.54,1970.52,0.7727347591821369,0.003537171674391975,SME,Industrial/B2B,Express,0.3125231078435272,3,96.46547192583172,-0.5436112934203433,0.0056,Tier 3 - Healthy,9.02,0.0,0.0,0.0,9.02
A100280,53,295.58,1.81,178.44,117.14,0.39630556871236217,0.00612355369104811,SME,Health/Beauty,Ground Economy,0.4112152395976779,13,130.68972548684155,-0.3753274267500565,0.2527,Tier 1 - Act Now,1.81,4.0,-1.5,7.2,9.01
A100226,64,1148.21,8.92,307.69,840.52,0.7320263714825684,0.007768613755323503,SME,Electronics,Ground,0.194261752501863,10,114.44193367826148,-0.4826351508387705,0.0124,Tier 3 - Healthy,8.92,0.0,0.0,0.0,8.92
A100647,56,381.44,8.82,184.3,197.14,0.5168309563758389,0.02312290268456376,SME,Health/Beauty,Ground,0.1841122754076984,9,126.3973347640734,-0.5875542247825642,0.1833,Tier 2 - Monitor,8.82,0.0,0.0,0.0,8.82
A100089,56,233.51,5.71,183.91,49.6,0.21241060340028264,0.024452914222088992,SME,Health/Beauty,Ground,0.5041255614426905,6,137.63123088943462,-0.5225635375280353,0.429,Tier 1 - Act Now,5.71,2.87,-1.5,3.1,8.81
A100187,71,301.78,1.44,237.64,64.14,0.21253893564848567,0.004771687984624561,SME,Health/Beauty,Ground,0.5042150658568264,30,111.33263131686024,-0.3751739249320701,0.3976,Tier 1 - Act Now,1.44,4.0,-1.5,7.36,8.8
A100259,72,478.96,8.649999999999999,237.79,241.17000000000002,0.5035284783698013,0.018059963253716383,SME,Health/Beauty,Ground Economy,0.233719998042673,19,138.01585803556767,-0.5020412252378706,0.1859,Tier 2 - Monitor,8.649999999999999,0.0,0.0,0.0,8.649999999999999
A100108,62,373.69,8.61,202.98,170.71,0.45682249993309965,0.023040488105113863,SME,Health/Beauty,Ground,0.2730134750780427,38,96.75053332738928,-0.572740034542149,0.2312,Tier 2 - Monitor,8.61,0.0,0.0,0.0,8.61
A100123,70,984.17,8.55,313.61,670.56,0.6813457024701017,0.008687523496956827,SME,Electronics,Ground Economy,0.266648047431712,8,103.1925250158112,-0.4925255572183007,0.0288,Tier 3 - Healthy,8.55,0.0,0.0,0.0,8.55
A100568,53,468.75,8.48,208.13,260.62,0.5559893333333333,0.018090666666666668,SME,Health/Beauty,Ground Economy,0.3520449513846038,19,171.31932567347965,-0.5471928547786463,0.144,Tier 3 - Healthy,8.48,0.0,0.0,0.0,8.48
A100797,73,469.71,8.459999999999999,241.5,228.21,0.48585297311106856,0.018011113240084305,SME,Health/Beauty,Ground,0.2548625709932448,8,118.57939097365016,-0.4142214033026564,0.2,Tier 2 - Monitor,8.459999999999999,0.0,0.0,0.0,8.459999999999999
A100229,61,2226.53,8.36,516.94,1709.59,0.7678270672301742,0.0037547214724257022,SME,Industrial/B2B,Ground,0.3264589656943221,30,108.17847392132548,-0.5285436854949626,0.006,Tier 3 - Healthy,8.36,0.0,0.0,0.0,8.36
A100405,70,2509.88,8.35,592.54,1917.34,0.763917000015937,0.0033268522797902686,Mid-Market,Industrial/B2B,Ground,0.340085029727593,23,101.70084118428365,-0.3970105804619787,0.0053,Tier 3 - Healthy,8.35,0.0,0.0,0.0,8.35
A100418,59,372.1,8.31,197.17000000000002,174.93,0.47011556033324375,0.022332706261757592,SME,Health/Beauty,Express,0.2725487066380961,33,128.29682215537423,-0.5465279007399981,0.2194,Tier 2 - Monitor,8.31,0.0,0.0,0.0,8.31
A100604,69,2500.19,8.28,581.47,1918.72,0.7674296753446738,0.003311748307128658,Enterprise,Industrial/B2B,Ground,0.3458246186997227,13,110.8666703382474,-0.2667591657210913,0.0053,Tier 3 - Healthy,8.28,0.0,0.0,0.0,8.28
A100183,59,1811.61,8.26,468.67,1342.94,0.7412964158952534,0.004559480241332296,SME,Industrial/B2B,Ground Economy,0.3875978855806923,35,98.63868274366295,-0.4694482203592837,0.0073,Tier 3 - Healthy,8.26,0.0,0.0,0.0,8.26
A100496,68,1320.58,8.17,343.64,976.9399999999999,0.7397810053158461,0.006186675551651547,SME,Electronics,Ground,0.2075070644897845,35,131.07205185811452,-0.624032320369152,0.0098,Tier 3 - Healthy,8.17,0.0,0.0,0.0,8.17
A100028,72,1198.48,8.14,361.47,837.01,0.6983929644216007,0.006791936452840265,SME,Electronics,Express,0.2928623507068275,4,130.14544914088364,-0.470628636769093,0.0121,Tier 3 - Healthy,8.14,0.0,0.0,0.0,8.14
A100547,64,1268.86,8.120000000000001,335.35,933.51,0.7357076430811911,0.006399445171256089,SME,Electronics,Ground,0.2218900632531785,13,114.89850547177475,-0.493521845671702,0.0102,Tier 3 - Healthy,8.120000000000001,0.0,0.0,0.0,8.120000000000001
A100460,56,299.32,5.67,186.98,112.34,0.37531738607510357,0.01894293732460243,SME,Health/Beauty,Ground,0.3791320728852484,35,115.74569038723664,-0.6433425105664752,0.2899,Tier 1 - Act Now,5.67,2.33,-1.5,2.38,8.05
A100775,77,3501.26,7.99,683.43,2817.83,0.804804556074099,0.002282035610037529,Mid-Market,Industrial/B2B,Ground,0.2094164817847882,11,118.91615959065824,-0.3487549298839089,0.0036,Tier 3 - Healthy,7.99,0.0,0.0,0.0,7.99
A100046,61,367.67,7.79,204.83,162.84,0.4428971632170152,0.021187477901378954,SME,Health/Beauty,Ground Economy,0.334116901883264,12,115.68859123611418,-0.6426111892873213,0.2394,Tier 2 - Monitor,7.79,0.0,0.0,0.0,7.79
A100839,58,351.93,4.859999999999999,206.91,145.02,0.41207058221805476,0.013809564402011762,SME,Health/Beauty,Ground Economy,0.4337956769400048,6,154.631690010064,-0.6355008750111159,0.2523,Tier 1 - Act Now,4.859999999999999,2.36,-1.5,2.9,7.76
A100155,70,332.83,1.48,229.78,103.05,0.30961752245891294,0.004446714538953821,Mid-Market,Health/Beauty,Express,0.4300370680697223,37,113.46986680958612,-0.437792119543857,0.3194,Tier 1 - Act Now,1.48,3.43,-1.5,6.24,7.720000000000001
A100346,65,1024.7,7.7,306.96,717.74,0.7004391529228067,0.007514394456914219,Enterprise,Electronics,Ground Economy,0.2752927408132135,23,110.44258443443977,-0.2327763387108399,0.012,Tier 3 - Healthy,7.7,0.0,0.0,0.0,7.7
A100392,68,895.97,7.65,318.03,577.9399999999999,0.6450439188812125,0.008538232306885276,SME,Electronics,Ground,0.377185918263671,33,107.2585632384378,-0.6414386751751032,0.0576,Tier 3 - Healthy,7.65,0.0,0.0,0.0,7.65
A100633,76,481.96,7.609999999999999,252.62,229.34,0.4758486181425845,0.015789692090629928,SME,Health/Beauty,Ground Economy,0.3022522512906412,4,129.34838878172135,-0.422861477788635,0.2044,Tier 2 - Monitor,7.609999999999999,0.0,0.0,0.0,7.609999999999999
A100231,75,1376.14,7.54,355.98,1020.16,0.7413199238449576,0.005479093696862237,SME,Electronics,Ground,0.135645258254129,33,120.7382386596508,-0.5344904176081343,0.0087,Tier 3 - Healthy,7.54,0.0,0.0,0.0,7.54
A100845,64,961.99,7.53,332.87,629.12,0.6539776920758013,0.007827524194638199,Mid-Market,Electronics,Express,0.4074342428446387,11,136.37452771790598,-0.3886267752184342,0.0493,Tier 3 - Healthy,7.53,0.0,0.0,0.0,7.53
A100441,56,2092.56,7.51,453.95,1638.61,0.783064762778606,0.0035889054555185993,SME,Industrial/B2B,Ground Economy,0.2733583493992566,25,108.73272900976416,-0.6073118030977696,0.0057,Tier 3 - Healthy,7.51,0.0,0.0,0.0,7.51
A100315,71,1396.82,7.4799999999999995,343.66,1053.16,0.753969731246689,0.005355020689852665,SME,Electronics,Express,0.1071830458014188,4,121.61517864532703,-0.6665401518024892,0.0085,Tier 3 - Healthy,7.4799999999999995,0.0,0.0,0.0,7.4799999999999995
A100702,77,479.63,7.37,270.35,209.28,0.4363363425974188,0.015366011300377375,SME,Health/Beauty,Express,0.3964114405501789,24,142.5427186857061,-0.5904554094506553,0.2354,Tier 2 - Monitor,7.37,0.0,0.0,0.0,7.37
A100364,64,1227.33,7.239999999999999,315.9,911.4300000000001,0.7426120114394662,0.005898983973340503,Mid-Market,Electronics,Express,0.1652167167260088,3,109.52831137075168,-0.4268670709869403,0.0094,Tier 3 - Healthy,7.239999999999999,0.0,0.0,0.0,7.239999999999999
A100737,54,1655.93,7.15,428.21,1227.72,0.7414081513107438,0.004317815366591583,SME,Industrial/B2B,Ground Economy,0.3825211930579466,18,104.0710273912894,-0.5411550785614405,0.0069,Tier 3 - Healthy,7.15,0.0,0.0,0.0,7.15
A100893,47,229.46,4.359999999999999,156.25,73.21,0.3190534297916848,0.019001133095092822,SME,Health/Beauty,Express,0.4506999553404016,8,105.9347426632046,-0.5455162846264391,0.335,Tier 1 - Act Now,4.359999999999999,2.75,-1.5,2.77,7.129999999999999
A100171,58,937.26,7.04,278.75,658.51,0.7025905298423063,0.007511256214924354,SME,Electronics,Express,0.2565669006474455,19,111.44817196873107,-0.584584050183975,0.012,Tier 3 - Healthy,7.04,0.0,0.0,0.0,7.04
A100793,80,526.83,6.890000000000001,271.75,255.08,0.4841789571588558,0.013078222576542719,SME,Health/Beauty,Ground Economy,0.2859103420554982,30,131.41924640519767,-0.5523310681495788,0.1935,Tier 2 - Monitor,6.890000000000001,0.0,0.0,0.0,6.890000000000001
A100143,54,300.74,2.73,179.31,121.43,0.40377069894260825,0.00907760856553834,SME,Health/Beauty,Ground Economy,0.3701085432622465,31,114.800383523578,-0.5169481141189741,0.2514,Tier 1 - Act Now,2.73,2.9,-1.5,4.08,6.8100000000000005
A100599,61,283.46,1.22,195.95,87.51,0.30872080716856,0.004303958230438157,Mid-Market,Health/Beauty,Ground,0.4109159602213876,15,127.97655326914436,-0.4305413342981475,0.3199,Tier 1 - Act Now,1.22,3.48,-1.5,5.48,6.7
A100413,63,707.25,6.5,253.10999999999999,454.14,0.6421208907741252,0.009190526687875575,Mid-Market,Apparel/Soft Goods,Ground,0.2296465553423727,26,169.34913319980865,-0.3993194957803379,0.0609,Tier 3 - Healthy,6.5,0.0,0.0,0.0,6.5
A100038,64,2036.51,6.3500000000000005,508.09999999999997,1528.41,0.7505045396290714,0.0031180794594674226,SME,Industrial/B2B,Ground,0.3708659543018099,5,105.6743167390564,-0.5457642141865401,0.005,Tier 3 - Healthy,6.3500000000000005,0.0,0.0,0.0,6.3500000000000005
A100749,79,3712.13,6.31,685.86,3026.27,0.8152381516811102,0.0016998327106001136,Mid-Market,Industrial/B2B,Ground Economy,0.1650742823655756,19,95.26259686787894,-0.4184193225320232,0.0027,Tier 3 - Healthy,6.31,0.0,0.0,0.0,6.31
A100068,68,1496.15,6.22,335.71999999999997,1160.43,0.7756107342178258,0.00415733716539117,SME,Electronics,Ground,0.05,37,107.770311663024,-0.5792445137871252,0.0066,Tier 3 - Healthy,6.22,0.0,0.0,0.0,6.22
A100725,72,464.67,6.22,248.54,216.13,0.46512578819377187,0.013385843717046505,SME,Health/Beauty,Ground Economy,0.3685688959190515,3,158.27816639129497,-0.542743378294053,0.2092,Tier 2 - Monitor,6.22,0.0,0.0,0.0,6.22
A100423,64,229.36,4.19,212.16,17.2,0.07499128008371118,0.0182682246250436,SME,Health/Beauty,Ground Economy,0.567180907605547,12,122.72270379257178,-0.6315334632559694,0.5291,Tier 1 - Act Now,4.19,2.38,-1.5,1.93,6.12
A100552,80,3057.87,6.109999999999999,630.2,2427.67,0.7939088319647337,0.001998122876381272,SME,Industrial/B2B,Ground Economy,0.2378164703592446,23,94.70015989883784,-0.5760157164673927,0.0032,Tier 3 - Healthy,6.109999999999999,0.0,0.0,0.0,6.109999999999999
A100163,78,1006.48,6.04,375.42,631.06,0.6269970590573086,0.006001112789126461,SME,Electronics,Ground Economy,0.4074277678919064,3,126.15867497299308,-0.5810260663649036,0.068,Tier 3 - Healthy,6.04,0.0,0.0,0.0,6.04
A100871,75,446.58,6.039999999999999,256.62,189.96,0.4253661158135161,0.013525012315822472,SME,Health/Beauty,Ground,0.3710707949213514,17,131.9021682430614,-0.5820212961729249,0.2412,Tier 2 - Monitor,6.039999999999999,0.0,0.0,0.0,6.039999999999999
A100015,73,2212.01,5.99,534.25,1677.76,0.758477583736059,0.002707944358298561,SME,Industrial/B2B,Ground,0.3179293635893766,5,99.75070950742436,-0.4794761193530454,0.0043,Tier 3 - Healthy,5.99,0.0,0.0,0.0,5.99
A100299,66,424.7,5.98,224.02,200.68,0.4725217800800565,0.014080527431127856,Mid-Market,Health/Beauty,Ground Economy,0.2798745060680176,28,130.46721252242202,-0.2807746034132624,0.2044,Tier 2 - Monitor,5.98,0.0,0.0,0.0,5.98
A100482,69,1018.32,5.97,332.59,685.73,0.6733934323198995,0.005862597218948856,SME,Electronics,Ground Economy,0.3385513306584743,10,118.84710336034416,-0.5613540299296019,0.0306,Tier 3 - Healthy,5.97,0.0,0.0,0.0,5.97
A100609,65,303.43,0.95,211.68,91.75,0.3023761658372606,0.0031308703819661866,SME,Health/Beauty,Express,0.4072348679961768,34,96.9927398803762,-0.468665314563115,0.3231,Tier 1 - Act Now,0.95,3.2,-1.5,5.01,5.96
A100799,54,362.86,5.65,185.37,177.49,0.4891418177809624,0.01557074353745246,Mid-Market,Health/Beauty,Express,0.2915900994639217,13,138.19957584320034,-0.3931981690408643,0.1935,Tier 2 - Monitor,5.65,0.0,0.0,0.0,5.65
A100450,65,317.74,2.45,212.04,105.7,0.33266192484421225,0.007710706867249953,SME,Health/Beauty,Ground,0.4169409790748205,22,102.3483691398868,-0.5961008228017411,0.3061,Tier 1 - Act Now,2.45,2.52,-1.5,3.11,5.5600000000000005
A100141,61,298.2,0.9500000000000001,207.31,90.89,0.3047954393024816,0.0031857813547954395,SME,Health/Beauty,Ground,0.4704506718589227,23,123.73096561806666,-0.4859180298274785,0.3212,Tier 1 - Act Now,0.9500000000000001,3.09,-1.5,4.59,5.54
A100019,66,897.36,5.41,296.97,600.39,0.6690625835784969,0.006028795578140323,Mid-Market,Electronics,Ground,0.3020059912116694,25,105.96855987275164,-0.3975659800573296,0.0343,Tier 3 - Healthy,5.41,0.0,0.0,0.0,5.41
A100637,53,222.88,0.0,167.11,55.769999999999996,0.250224335965542,0.0,Mid-Market,Health/Beauty,Ground,0.4161093486120216,8,69.12885576364826,-0.3842739294254206,0.3598,Tier 1 - Act Now,0.0,3.9,-1.5,5.23,5.23
A100300,73,1251.57,5.19,355.06,896.51,0.7163083167541568,0.004146791629713081,Mid-Market,Electronics,Ground,0.2449275381734887,28,99.29728331698232,-0.3420407134417204,0.0066,Tier 3 - Healthy,5.19,0.0,0.0,0.0,5.19
A100582,74,1066.21,5.19,352.87,713.34,0.6690426838990443,0.00486770898791045,SME,Electronics,Ground Economy,0.3285371381602588,23,104.1440130880998,-0.5367073098098495,0.0325,Tier 3 - Healthy,5.19,0.0,0.0,0.0,5.19
A100374,72,717.02,5.13,290.53,426.49,0.5948090708766841,0.00715461214471005,SME,Apparel/Soft Goods,Ground Economy,0.3318664169723996,39,154.64067647774635,-0.6719621507863189,0.0955,Tier 3 - Healthy,5.13,0.0,0.0,0.0,5.13
A100104,60,1086.21,5.0600000000000005,282.46,803.75,0.7399582032940223,0.004658399388700159,Mid-Market,Electronics,Ground,0.1423632361153779,33,111.99475804353897,-0.4883307945597442,0.0074,Tier 3 - Healthy,5.0600000000000005,0.0,0.0,0.0,5.0600000000000005
A100356,66,461.93,4.99,219.91,242.02,0.5239321975191047,0.010802502543675449,Mid-Market,Health/Beauty,Ground Economy,0.243353816580233,12,118.45438352110878,-0.3663950277853817,0.158,Tier 3 - Healthy,4.99,0.0,0.0,0.0,4.99
A100185,71,445.27,4.86,237.95,207.32,0.46560513845531926,0.010914725896646979,Mid-Market,Health/Beauty,Express,0.3209173248182129,35,134.31571106907117,-0.3631690130549571,0.2049,Tier 2 - Monitor,4.86,0.0,0.0,0.0,4.86
A100247,73,2373.12,4.79,590.34,1782.78,0.7512388754045307,0.0020184398597626755,SME,Industrial/B2B,Ground,0.3711513701919191,11,96.43519165825968,-0.589586720544433,0.0032,Tier 3 - Healthy,4.79,0.0,0.0,0.0,4.79
A100271,58,469.93,4.75,209.95,259.98,0.5532313323260911,0.010107888408911966,SME,Health/Beauty,Ground,0.2715010275738276,39,133.25368715840364,-0.6842465691872448,0.1335,Tier 3 - Healthy,4.75,0.0,0.0,0.0,4.75
A100060,62,1055.5,4.72,299.09,756.41,0.7166366650876361,0.004471814306016106,Mid-Market,Electronics,Ground,0.2338017644686625,23,116.24673238977736,-0.3256464635624405,0.0071,Tier 3 - Healthy,4.72,0.0,0.0,0.0,4.72
A100323,66,957.16,4.609999999999999,320.01,637.15,0.6656671820803209,0.004816331647791382,SME,Electronics,Ground Economy,0.3504435522813816,22,104.39701624846448,-0.472802011067291,0.0351,Tier 3 - Healthy,4.609999999999999,0.0,0.0,0.0,4.609999999999999
A100587,56,1297.32,4.44,322.78000000000003,974.54,0.7511947707581784,0.0034224401072981228,SME,Home & Bulky,Ground Economy,0.2285423721672648,22,116.1821833255632,-0.6165593360202184,0.0054,Tier 3 - Healthy,4.44,0.0,0.0,0.0,4.44
A100396,64,465.63,4.39,234.74,230.89,0.49586581620600045,0.009428086678263857,Mid-Market,Apparel/Soft Goods,Ground Economy,0.3686818547149283,18,126.73821816508324,-0.274784904146271,0.1783,Tier 2 - Monitor,4.39,0.0,0.0,0.0,4.39
A100691,68,514.72,4.359999999999999,246.63,268.09,0.5208462853590301,0.008470624805719614,Mid-Market,Apparel/Soft Goods,Ground,0.3218991186640108,18,113.2041268221041,-0.4292809717232949,0.1568,Tier 3 - Healthy,4.359999999999999,0.0,0.0,0.0,4.359999999999999
A100694,71,2622.27,4.23,560.81,2061.46,0.7861356763414904,0.0016131062018785252,Enterprise,Industrial/B2B,Express,0.2802516665070569,26,92.45457494231724,-0.2404995194619457,0.0026,Tier 3 - Healthy,4.23,0.0,0.0,0.0,4.23
A100478,53,801.4,4.21,250.72,550.68,0.6871474918891939,0.005253306713251809,Mid-Market,Electronics,Express,0.3046769039741785,37,114.21563720861604,-0.376718523542892,0.0186,Tier 3 - Healthy,4.21,0.0,0.0,0.0,4.21
A100698,48,1571.15,4.1899999999999995,380.87,1190.28,0.7575852082869236,0.0026668363937243414,Mid-Market,Industrial/B2B,Ground,0.3687991370804587,41,102.94238942697454,-0.3529539999226569,0.0042,Tier 3 - Healthy,4.1899999999999995,0.0,0.0,0.0,4.1899999999999995
A100176,70,1319.22,4.03,366.53,952.69,0.7221615803277694,0.003054835433058929,SME,Electronics,Ground,0.2664744433369421,8,107.91047414316404,-0.5485274873408778,0.0049,Tier 3 - Healthy,4.03,0.0,0.0,0.0,4.03
A100515,59,391.2,4.02,197.74,193.46,0.4945296523517383,0.010276073619631901,SME,Health/Beauty,Ground Economy,0.2591760270662713,30,148.15131928395536,-0.5737031247125195,0.1807,Tier 2 - Monitor,4.02,0.0,0.0,0.0,4.02
A100058,53,790.33,4.0,255.4,534.93,0.6768438500373261,0.005061176976705933,SME,Electronics,Ground Economy,0.3345630314343885,38,119.61988472807822,-0.4121376255008275,0.0266,Tier 3 - Healthy,4.0,0.0,0.0,0.0,4.0
A100451,61,1738.25,3.98,485.68,1252.57,0.7205925499784266,0.0022896591399395945,Mid-Market,Industrial/B2B,Ground,0.4438160301489849,10,89.1388648932699,-0.4020946689763406,0.0036,Tier 3 - Healthy,3.98,0.0,0.0,0.0,3.98
A100655,72,534.55,3.94,249.56,284.99,0.5331400243195211,0.00737068562342157,SME,Health/Beauty,Ground,0.2617006116335932,18,147.89356048984288,-0.5794642087653821,0.1452,Tier 3 - Healthy,3.94,0.0,0.0,0.0,3.94
A100317,66,870.14,3.91,309.47,560.67,0.6443445882271818,0.004493529776817524,Mid-Market,Electronics,Ground Economy,0.3731223228592581,35,114.3533019250624,-0.3840637929693539,0.0517,Tier 3 - Healthy,3.91,0.0,0.0,0.0,3.91
A100057,62,1151.26,3.89,343.8,807.46,0.7013706721331411,0.003378906589302156,SME,Electronics,Ground Economy,0.3695272946068598,9,167.49511363521836,-0.5711846619748933,0.0054,Tier 3 - Healthy,3.89,0.0,0.0,0.0,3.89
A100161,67,945.18,3.8699999999999997,309.78,635.4,0.6722529042087222,0.004094458198438393,Enterprise,Electronics,Ground,0.2940385968654225,29,116.84393691755784,-0.2201825275747659,0.0287,Tier 3 - Healthy,3.8699999999999997,0.0,0.0,0.0,3.8699999999999997
A100261,70,533.53,3.86,246.81,286.72,0.537401833074054,0.0072348321556426065,Mid-Market,Health/Beauty,Ground Economy,0.2639551190205627,31,140.78459829421342,-0.3696215010271345,0.1416,Tier 3 - Healthy,3.86,0.0,0.0,0.0,3.86
A100530,76,2919.11,3.79,576.39,2342.72,0.8025459814806567,0.0012983409326815364,Mid-Market,Industrial/B2B,Ground,0.201161114540173,35,99.8095083246338,-0.4088132745198716,0.0021,Tier 3 - Healthy,3.79,0.0,0.0,0.0,3.79
A100805,71,2077.52,3.7,572.21,1505.31,0.7245706419192114,0.0017809696176210098,SME,Industrial/B2B,Ground Economy,0.4306006291502786,39,91.10111353285072,-0.4680209941129802,0.0028,Tier 3 - Healthy,3.7,0.0,0.0,0.0,3.7
A100027,56,2128.0,3.65,454.69,1673.31,0.7863298872180451,0.0017152255639097745,SME,Industrial/B2B,Ground,0.2800451058411571,34,84.84795557232547,-0.6147675257556239,0.0027,Tier 3 - Healthy,3.65,0.0,0.0,0.0,3.65
A100391,44,230.24,1.55,140.27,89.97,0.39076615705350937,0.006732105628908964,SME,Health/Beauty,Ground,0.3100165419504549,29,100.8213061583877,-0.621981126426802,0.2581,Tier 1 - Act Now,1.55,2.41,-1.5,2.02,3.5700000000000003
A100454,54,2105.0,3.47,436.55,1668.45,0.7926128266033254,0.001648456057007126,SME,Industrial/B2B,Express,0.2415857706529591,22,96.122994541752,-0.6892245349665297,0.0026,Tier 3 - Healthy,3.47,0.0,0.0,0.0,3.47
A100010,58,232.29,1.51,193.75,38.54,0.16591329803263163,0.006500495070816652,SME,Health/Beauty,Ground Economy,0.5592676723018242,38,117.11682670530544,-0.6472953693018345,0.4376,Tier 1 - Act Now,1.51,2.32,-1.5,1.82,3.33
A100325,77,2877.41,3.33,658.3,2219.11,0.7712178660670534,0.0011572907580080698,Mid-Market,Industrial/B2B,Ground Economy,0.3228326745082941,39,90.16599628107376,-0.2858828677338347,0.0018,Tier 3 - Healthy,3.33,0.0,0.0,0.0,3.33
A100358,79,753.56,3.2,373.15,380.41,0.5048171346674453,0.004246509899676204,SME,Electronics,Ground,0.553102467155807,4,109.82809753007103,-0.5777072680130805,0.1629,Tier 2 - Monitor,3.2,0.0,0.0,0.0,3.2
A100623,67,391.32,3.18,224.24,167.08,0.4269651436164776,0.008126341613002148,SME,Health/Beauty,Ground Economy,0.3530519528587595,21,138.6373055638447,-0.460020552114534,0.2314,Tier 2 - Monitor,3.18,0.0,0.0,0.0,3.18
A100732,63,1271.98,3.1799999999999997,323.24,948.74,0.7458765074922562,0.0025000393087941633,SME,Electronics,Ground,0.1663727685955755,20,107.88457963777336,-0.4928972890853385,0.004,Tier 3 - Healthy,3.1799999999999997,0.0,0.0,0.0,3.1799999999999997
A100741,73,501.48,3.16,254.79,246.69,0.4919239052404881,0.006301348009890724,SME,Apparel/Soft Goods,Ground,0.3425859836316552,14,106.2157959038551,-0.7591369015532361,0.1765,Tier 2 - Monitor,3.16,0.0,0.0,0.0,3.16
A100275,58,329.78,3.15,189.21,140.57,0.42625386621383954,0.009551822427072594,SME,Health/Beauty,Ground,0.3557364972155674,41,120.07853186698244,-0.6045719675582522,0.2342,Tier 2 - Monitor,3.15,0.0,0.0,0.0,3.15
A100333,54,345.98,3.09,182.53,163.45,0.47242615180068204,0.008931152089716168,Mid-Market,Health/Beauty,Express,0.316925616773947,29,141.09494061365672,-0.3486826598728023,0.1963,Tier 2 - Monitor,3.09,0.0,0.0,0.0,3.09
A100774,84,495.96,3.09,276.49,219.47,0.44251552544560047,0.0062303411565448824,SME,Health/Beauty,Ground,0.2841937330428825,12,103.9766443932406,-0.5995910753816512,0.2159,Tier 2 - Monitor,3.09,0.0,0.0,0.0,3.09
A100577,79,3285.18,2.92,637.86,2647.32,0.805837123080014,0.0008888401853170907,SME,Industrial/B2B,Ground,0.1883074926367053,20,95.82732628224652,-0.3968782930843398,0.0014,Tier 3 - Healthy,2.92,0.0,0.0,0.0,2.92
A100791,77,3089.92,2.9,588.65,2501.27,0.8094934496685998,0.0009385356255178127,SME,Industrial/B2B,Express,0.1594944020996076,4,93.24008599313574,-0.5041938596059581,0.0015,Tier 3 - Healthy,2.9,0.0,0.0,0.0,2.9
A100497,57,1736.5,2.9,486.55,1249.95,0.7198099625683847,0.0016700259141952203,Mid-Market,Industrial/B2B,Ground Economy,0.4465774925166555,9,94.1746706846802,-0.3792526484331898,0.0027,Tier 3 - Healthy,2.9,0.0,0.0,0.0,2.9
A100731,58,2196.77,2.77,485.68,1711.09,0.77891176591086,0.0012609422015049368,SME,Industrial/B2B,Ground,0.2944835824978545,41,96.90844814241206,-0.626009741324909,0.002,Tier 3 - Healthy,2.77,0.0,0.0,0.0,2.77
A100881,63,401.72,2.69,207.77,193.95,0.4827989644528527,0.0066962063128547245,SME,Health/Beauty,Express,0.2472632259340868,25,99.78187957792332,-0.748927633270274,0.1844,Tier 2 - Monitor,2.69,0.0,0.0,0.0,2.69
A100003,83,1560.02,2.63,420.13,1139.89,0.7306893501365368,0.0016858758221048448,Mid-Market,Electronics,Ground,0.2230601422261379,28,112.27734965522204,-0.3441857608328604,0.0027,Tier 3 - Healthy,2.63,0.0,0.0,0.0,2.63
A100747,62,414.95,2.52,213.74,201.21,0.4849017953970358,0.006073020845885046,SME,Health/Beauty,Ground Economy,0.3176577040799185,4,131.89729822672103,-0.5831910197869209,0.1817,Tier 2 - Monitor,2.52,0.0,0.0,0.0,2.52
A100517,58,548.0,2.5100000000000002,283.08,264.92,0.4834306569343066,0.00458029197080292,Mid-Market,Electronics,Ground,0.5871763379756685,38,109.66378451323226,-0.4049345607871074,0.1805,Tier 2 - Monitor,2.5100000000000002,0.0,0.0,0.0,2.5100000000000002
A100781,55,2002.95,2.49,451.35,1551.6,0.7746573803639631,0.0012431663296637461,Enterprise,Industrial/B2B,Ground,0.3207994029548813,2,92.90258274853416,-0.2325029380966657,0.002,Tier 3 - Healthy,2.49,0.0,0.0,0.0,2.49
A100006,72,1030.6100000000001,2.36,336.3,694.3100000000001,0.6736883981331444,0.002289905978013021,Mid-Market,Electronics,Ground Economy,0.3043578520856701,32,106.56463748372354,-0.3601199571715258,0.0247,Tier 3 - Healthy,2.36,0.0,0.0,0.0,2.36
A100521,64,850.54,2.21,291.92,558.62,0.6567827497824912,0.0025983492839842925,SME,Electronics,Ground Economy,0.3148432160523786,20,87.85797433107197,-0.524252136096181,0.0387,Tier 3 - Healthy,2.21,0.0,0.0,0.0,2.21
A100844,51,230.92000000000002,1.3599999999999999,165.81,65.11,0.2819591200415728,0.005889485536116403,SME,Health/Beauty,Ground Economy,0.451003969286695,22,125.23749710773576,-0.81233882032794,0.3438,Tier 1 - Act Now,1.3599999999999999,2.0,-1.62,0.79,2.15
A100383,66,955.14,2.09,326.67,628.47,0.6579873107607263,0.002188160897878845,SME,Electronics,Ground Economy,0.3601928283078812,18,112.01446390349048,-0.5910137398318528,0.0371,Tier 3 - Healthy,2.09,0.0,0.0,0.0,2.09
A100779,71,1018.9,2.0700000000000003,335.56,683.34,0.670664442045343,0.002031602708803612,Mid-Market,Electronics,Express,0.33366022830127,39,98.68123727480486,-0.3804209435254285,0.0267,Tier 3 - Healthy,2.0700000000000003,0.0,0.0,0.0,2.0700000000000003
A100567,67,462.61,1.91,238.1,224.51,0.48531160156503317,0.004128747757290158,SME,Apparel/Soft Goods,Ground,0.367969053059753,34,108.16670105122397,-0.417812334993543,0.1783,Tier 2 - Monitor,1.91,0.0,0.0,0.0,1.91
A100094,67,2625.56,1.81,555.89,2069.67,0.7882775484087204,0.0006893767424854127,SME,Industrial/B2B,Ground Economy,0.2737660294478713,37,112.93781124815176,-0.324048056452175,0.0011,Tier 3 - Healthy,1.81,0.0,0.0,0.0,1.81
A100080,65,2477.48,1.75,508.15999999999997,1969.32,0.7948883542954938,0.0007063629171577571,Mid-Market,Industrial/B2B,Ground,0.2113965446965852,11,88.40563797974396,-0.3284669175295024,0.0011,Tier 3 - Healthy,1.75,0.0,0.0,0.0,1.75
A100678,61,2648.54,1.75,533.61,2114.93,0.7985267354844555,0.0006607413895957773,SME,Industrial/B2B,Ground Economy,0.2530004903121777,6,91.14203891014286,-0.5907321239429705,0.0011,Tier 3 - Healthy,1.75,0.0,0.0,0.0,1.75
A100597,65,826.57,1.72,308.19,518.38,0.6271459162563364,0.002080888490992898,Mid-Market,Electronics,Ground Economy,0.4297327507202867,36,100.6028165262532,-0.3297472220988508,0.0616,Tier 3 - Healthy,1.72,0.0,0.0,0.0,1.72
A100866,67,1790.22,1.65,543.93,1246.29,0.6961658343667259,0.0009216744310755102,Mid-Market,Industrial/B2B,Express,0.484811216182388,8,104.06446383157204,-0.4295029223255681,0.0045,Tier 3 - Healthy,1.65,0.0,0.0,0.0,1.65
A100766,75,3484.59,1.64,665.16,2819.43,0.8091138412266579,0.00047064360513001524,SME,Industrial/B2B,Ground Economy,0.1952372200856207,3,94.08967889639676,-0.3860002440578889,0.0007,Tier 3 - Healthy,1.64,0.0,0.0,0.0,1.64
A100803,69,909.72,1.6300000000000001,310.74,598.98,0.6584223717187706,0.0017917601020094095,SME,Electronics,Ground,0.3263977711368855,33,101.63552069699637,-0.5186717843024053,0.0361,Tier 3 - Healthy,1.6300000000000001,0.0,0.0,0.0,1.6300000000000001
A100658,61,725.55,1.59,259.91,465.64,0.6417752050168838,0.0021914409758114536,SME,Electronics,Ground Economy,0.3139076945292065,26,97.45150566886754,-0.3676795820816627,0.0501,Tier 3 - Healthy,1.59,0.0,0.0,0.0,1.59
A100065,63,907.93,1.49,305.5,602.43,0.6635203154428204,0.0016410956791823158,SME,Electronics,Express,0.3410864602088087,4,99.20718173814346,-0.536698571927584,0.0318,Tier 3 - Healthy,1.49,0.0,0.0,0.0,1.49
A100411,62,1719.8600000000001,1.33,473.56,1246.3,0.7246520065586733,0.0007733187585035991,Mid-Market,Industrial/B2B,Ground,0.4195858724372361,39,92.9547052785268,-0.4073775455817787,0.0012,Tier 3 - Healthy,1.33,0.0,0.0,0.0,1.33
A100265,60,2120.74,1.33,463.18,1657.56,0.7815951035959147,0.0006271395833529807,SME,Industrial/B2B,Express,0.279110090979121,15,93.59854232930113,-0.4112510250782165,0.001,Tier 3 - Healthy,1.33,0.0,0.0,0.0,1.33
A100432,64,866.72,1.32,292.83,573.89,0.6621400221524829,0.0015229832010337826,Mid-Market,Electronics,Ground Economy,0.3407750597614123,18,117.08068208809982,-0.321082767065422,0.0327,Tier 3 - Healthy,1.32,0.0,0.0,0.0,1.32
A100165,84,3022.29,1.31,630.24,2392.05,0.7914693824881134,0.00043344616168534457,SME,Industrial/B2B,Ground Economy,0.2344473547091424,7,113.0044522681511,-0.3745144526516914,0.0007,Tier 3 - Healthy,1.31,0.0,0.0,0.0,1.31
A100684,66,882.42,1.23,318.97,563.45,0.6385281385281386,0.0013938940640511321,Mid-Market,Electronics,Ground,0.3978829717121031,14,104.99535796701664,-0.3045324506003837,0.0514,Tier 3 - Healthy,1.23,0.0,0.0,0.0,1.23
A100874,77,930.08,1.22,365.83,564.25,0.606668243591949,0.0013117151212798897,Mid-Market,Electronics,Ground,0.4275722967494192,20,81.94079488072197,-0.44546423201908,0.0768,Tier 3 - Healthy,1.22,0.0,0.0,0.0,1.22
A100640,59,2334.58,1.21,498.48,1836.1,0.7864797950809139,0.000518294511218292,Mid-Market,Industrial/B2B,Express,0.2800279943710236,14,99.57228959056452,-0.3237114865486244,0.0008,Tier 3 - Healthy,1.21,0.0,0.0,0.0,1.21
A100808,67,2009.93,1.21,541.65,1468.28,0.7305130029404009,0.0006020110153089908,SME,Industrial/B2B,Ground,0.4178592863664964,29,90.19295846322782,-0.6631130597384147,0.001,Tier 3 - Healthy,1.21,0.0,0.0,0.0,1.21
A100823,52,936.86,1.17,251.79,685.07,0.7312405268663408,0.0012488525500074716,Mid-Market,Electronics,Express,0.1884970894462246,6,119.69038550254272,-0.4141335478413959,0.002,Tier 3 - Healthy,1.17,0.0,0.0,0.0,1.17
A100586,67,2636.62,1.11,551.69,2084.93,0.7907586227821984,0.00042099354476564697,SME,Industrial/B2B,Express,0.260802119227002,17,91.91327613310465,-0.5901078130813017,0.0007,Tier 3 - Healthy,1.11,0.0,0.0,0.0,1.11
A100483,57,1939.68,1.1,491.5,1448.18,0.7466076878660398,0.0005671038521818032,SME,Industrial/B2B,Ground,0.3887652484509013,39,107.59847985334312,-0.7086992456848743,0.0009,Tier 3 - Healthy,1.1,0.0,0.0,0.0,1.1
A100150,69,422.68,1.0899999999999999,227.42,195.26,0.4619570360556449,0.002578783003690735,Mid-Market,Health/Beauty,Express,0.2750516570230296,20,115.37339497547724,-0.2724806191049473,0.1945,Tier 2 - Monitor,1.0899999999999999,0.0,0.0,0.0,1.0899999999999999
A100663,67,2147.43,0.9,562.38,1585.05,0.7381148628826085,0.000419105628588592,SME,Industrial/B2B,Ground,0.4139420421798181,3,104.270960103827,-0.599694109208633,0.0007,Tier 3 - Healthy,0.9,0.0,0.0,0.0,0.9
A100268,58,2137.26,0.89,491.15,1646.11,0.770196419714962,0.0004164210250507659,SME,Industrial/B2B,Ground Economy,0.3220037290866311,12,98.113172763447,-0.4872494313766354,0.0007,Tier 3 - Healthy,0.89,0.0,0.0,0.0,0.89
A100859,67,2423.05,0.88,547.45,1875.6,0.774065743587627,0.0003631786384928086,SME,Industrial/B2B,Ground Economy,0.2968553202311209,23,109.44681047854526,-0.4030070688241592,0.0006,Tier 3 - Healthy,0.88,0.0,0.0,0.0,0.88
A100349,67,2344.39,0.85,548.49,1795.9,0.7660414862714822,0.0003625676615238932,SME,Industrial/B2B,Ground Economy,0.3421982777676271,32,99.20823429811206,-0.5802894110931119,0.0006,Tier 3 - Healthy,0.85,0.0,0.0,0.0,0.85
A100673,69,2519.75,0.82,556.58,1963.17,0.7791130072427821,0.000325429110030757,Mid-Market,Industrial/B2B,Ground,0.3025825437778801,17,96.91481577634708,-0.4119501116905521,0.0005,Tier 3 - Healthy,0.82,0.0,0.0,0.0,0.82
A100443,54,756.02,0.81,255.75,500.27,0.6617152985370758,0.001071400227507209,SME,Electronics,Ground Economy,0.342946036445843,40,89.2906893039908,-0.4959711095919273,0.0323,Tier 3 - Healthy,0.81,0.0,0.0,0.0,0.81
A100355,61,2363.72,0.77,504.79,1858.93,0.7864425566479957,0.00032575770395816767,SME,Industrial/B2B,Express,0.2714603797085877,1,99.35279041691182,-0.4983483617552777,0.0005,Tier 3 - Healthy,0.77,0.0,0.0,0.0,0.77
A100855,49,565.14,0.75,234.24,330.9,0.5855186325512263,0.001327104788194076,SME,Electronics,Express,0.4640812598004263,39,85.1272049116476,-0.5222697202833267,0.0937,Tier 3 - Healthy,0.75,0.0,0.0,0.0,0.75
A100116,53,346.52,0.71,173.66,172.86,0.4988456654738544,0.0020489437839085766,Mid-Market,Health/Beauty,Ground,0.2002411710965843,1,95.53167547991644,-0.4414162769350219,0.1642,Tier 2 - Monitor,0.71,0.0,0.0,0.0,0.71
A100778,50,1657.62,0.7,430.25,1227.37,0.7404411143687938,0.00042229220207285145,Mid-Market,Industrial/B2B,Ground Economy,0.4144415868540272,8,103.84103150298962,-0.3610610570916368,0.0007,Tier 3 - Healthy,0.7,0.0,0.0,0.0,0.7
A100194,55,982.39,0.52,267.44,714.95,0.7277659585297083,0.0005293213489550993,SME,Electronics,Ground,0.2204309773158193,7,103.88219332316773,-0.5271195977745223,0.0008,Tier 3 - Healthy,0.52,0.0,0.0,0.0,0.52
A100488,57,1859.5,0.46,459.0,1400.5,0.7531594514654477,0.0002473783275073945,SME,Industrial/B2B,Ground Economy,0.36128913952224,1,84.89802641973424,-0.69971071628664,0.0004,Tier 3 - Healthy,0.46,0.0,0.0,0.0,0.46
A100498,65,780.74,0.41,307.62,473.12,0.6059891897430643,0.0005251428132284755,SME,Electronics,Ground Economy,0.4265685174720048,7,108.84090514134564,-0.5238786185823968,0.076,Tier 3 - Healthy,0.41,0.0,0.0,0.0,0.41
A100605,63,882.98,0.37,303.67,579.31,0.6560850755396498,0.0004190355387437994,Mid-Market,Electronics,Ground Economy,0.3685122558869581,23,113.6233191261937,-0.4260267723393081,0.0358,Tier 3 - Healthy,0.37,0.0,0.0,0.0,0.37
A100135,56,956.65,0.35,273.93,682.72,0.71365703235248,0.0003658600324047457,SME,Electronics,Ground Economy,0.2772435635407875,2,102.5335818507528,-0.5790045895944029,0.0006,Tier 3 - Healthy,0.35,0.0,0.0,0.0,0.35
A100787,61,916.6800000000001,0.34,304.58,612.1,0.6677357420255705,0.0003709036959462408,SME,Electronics,Ground Economy,0.3580829252837673,11,98.63337133277734,-0.5762015784936134,0.0264,Tier 3 - Healthy,0.34,0.0,0.0,0.0,0.34
A100573,68,812.78,0.32999999999999996,310.25,502.53,0.6182853908806811,0.00040601392750805874,Mid-Market,Electronics,Ground Economy,0.3904148141639785,34,105.12943425974896,-0.4801926886008069,0.066,Tier 3 - Healthy,0.32999999999999996,0.0,0.0,0.0,0.32999999999999996
A100097,56,448.72,0.31,196.89,251.83,0.5612185772865038,0.0006908539846674986,SME,Apparel/Soft Goods,Ground Economy,0.2255577121596908,26,111.25899882352918,-0.5622247574243917,0.1121,Tier 3 - Healthy,0.31,0.0,0.0,0.0,0.31
A100322,75,2936.12,0.25,656.32,2279.8,0.7764669018977427,8.514638366279308e-05,SME,Industrial/B2B,Ground Economy,0.3172566645816276,15,107.7575063349565,-0.5105375471763,0.0001,Tier 3 - Healthy,0.25,0.0,0.0,0.0,0.25
A100430,73,466.85,0.23,240.3,226.55,0.48527364249759025,0.0004926635964442541,Enterprise,Health/Beauty,Ground Economy,0.2354679535022431,32,97.2199178001433,-0.2435312863011023,0.1726,Tier 2 - Monitor,0.23,0.0,0.0,0.0,0.23
A100370,65,2184.69,0.22,552.97,1631.72,0.7468885745803753,0.00010070078592386105,Mid-Market,Industrial/B2B,Ground,0.3939631204986562,26,98.40946856690051,-0.3300723083973411,0.0002,Tier 3 - Healthy,0.22,0.0,0.0,0.0,0.22
A100528,51,348.63,0.1,172.96,175.67,0.5038866419986805,0.0002868370478731033,Mid-Market,Health/Beauty,Ground,0.2580357016985988,4,114.5971936539745,-0.3817528952664895,0.1573,Tier 3 - Healthy,0.1,0.0,0.0,0.0,0.1
A100188,60,627.53,0.08,290.35,337.18,0.537312957149459,0.00012748394499067774,Mid-Market,Electronics,Express,0.5124496037012574,17,97.87593357784856,-0.4307818594509791,0.1304,Tier 3 - Healthy,0.08,0.0,0.0,0.0,0.08
A100692,71,2601.1,0.01,579.49,2021.61,0.7772134866018223,3.844527315366576e-06,SME,Industrial/B2B,Ground Economy,0.316532074998141,3,82.77276514468329,-0.5216529097119688,0.0,Tier 3 - Healthy,0.01,0.0,0.0,0.0,0.01
A100714,64,2544.16,0.01,522.46,2021.7,0.794643418652915,3.930570404377084e-06,Mid-Market,Industrial/B2B,Ground Economy,0.2394281833387208,16,77.96144939761791,-0.4024090314794032,0.0,Tier 3 - Healthy,0.01,0.0,0.0,0.0,0.01
A100117,50,1818.85,0.0,452.29,1366.56,0.751331885532067,0.0,Mid-Market,Industrial/B2B,Ground,0.3838759381675977,8,98.9155906427592,-0.3604344215752986,0.0,Tier 3 - Healthy,0.0,0.0,0.0,0.0,0.0
A100122,72,3287.69,0.0,605.87,2681.82,0.8157155936234864,0.0,SME,Industrial/B2B,Ground,0.1583040599835053,4,92.76920161227848,-0.5252924140096918,0.0,Tier 3 - Healthy,0.0,0.0,0.0,0.0,0.0
A100120,58,1647.27,0.0,440.11,1207.16,0.7328246128442818,0.0,SME,Industrial/B2B,Ground,0.4071975499719007,30,86.44148091459537,-0.4763495927378643,0.0,Tier 3 - Healthy,0.0,0.0,0.0,0.0,0.0
A100894,62,2221.37,0.0,524.39,1696.98,0.7639339686769877,0.0,Mid-Market,Industrial/B2B,Express,0.3551930770818657,32,70.57603164125682,-0.4432922854243754,0.0,Tier 3 - Healthy,0.0,0.0,0.0,0.0,0.0
A100896,66,1098.19,0.0,308.33,789.86,0.7192380189220444,0.0,SME,Electronics,Ground,0.186427949069543,17,110.40291583257324,-0.5761863620259523,0.0,Tier 3 - Healthy,0.0,0.0,0.0,0.0,0.0
A100055,57,1714.48,0.0,488.55,1225.93,0.715044794923242,0.0,Mid-Market,Industrial/B2B,Express,0.4599136381696087,13,78.2619039833559,-0.3580071898471376,0.0,Tier 3 - Healthy,0.0,0.0,0.0,0.0,0.0
A100048,59,2115.34,0.0,473.99,1641.35,0.7759272741025083,0.0,Mid-Market,Industrial/B2B,Ground,0.2960228987106408,10,100.28231240185808,-0.3984058261330692,0.0,Tier 3 - Healthy,0.0,0.0,0.0,0.0,0.0
A100059,56,881.98,0.0,287.69,594.29,0.67381346515794,0.0,SME,Electronics,Ground Economy,0.3593229776984827,13,105.02716196332318,-0.6077230452166112,0.0209,Tier 3 - Healthy,0.0,0.0,0.0,0.0,0.0
A100502,66,1412.53,0.0,573.9,838.63,0.5937077442602989,0.0,Enterprise,Industrial/B2B,Ground,0.6231762415110635,24,89.32090067787428,-0.1979840330456438,0.085,Tier 3 - Healthy,0.0,0.0,0.0,0.0,0.0
A100510,70,2267.15,0.0,552.32,1714.83,0.7563813598570892,0.0,SME,Industrial/B2B,Express,0.3439149284633461,6,84.81209997471679,-0.5279302169419912,0.0,Tier 3 - Healthy,0.0,0.0,0.0,0.0,0.0
A100512,67,2960.8,0.0,583.64,2377.16,0.8028776006484732,0.0,SME,Industrial/B2B,Ground Economy,0.2291002305486282,34,75.36358289697378,-0.4326354464754011,0.0,Tier 3 - Healthy,0.0,0.0,0.0,0.0,0.0
A100506,61,2014.53,0.0,489.06,1525.47,0.7572336971899153,0.0,SME,Industrial/B2B,Ground,0.3572325560060305,9,79.61554216100147,-0.6445442004357863,0.0,Tier 3 - Healthy,0.0,0.0,0.0,0.0,0.0
A100869,60,1978.22,0.0,491.41,1486.81,0.7515898130642699,0.0,SME,Industrial/B2B,Ground,0.3745878837739145,40,78.0515788020993,-0.4892793482343439,0.0,Tier 3 - Healthy,0.0,0.0,0.0,0.0,0.0
A100519,60,2314.36,0.0,444.26,1870.1,0.8080419640851033,0.0,Mid-Market,Industrial/B2B,Express,0.1743014579218732,30,93.89482593687508,-0.279504121128666,0.0,Tier 3 - Healthy,0.0,0.0,0.0,0.0,0.0
A100518,66,2692.16,0.0,577.61,2114.55,0.7854473731130395,0.0,SME,Industrial/B2B,Ground,0.2936522749820964,20,55.13167366976059,-0.6469940457665588,0.0,Tier 3 - Healthy,0.0,0.0,0.0,0.0,0.0
A100098,65,2635.31,0.0,557.19,2078.12,0.7885675689008124,0.0,SME,Industrial/B2B,Ground Economy,0.2964849353385564,31,82.20915000797892,-0.5963370991437258,0.0,Tier 3 - Healthy,0.0,0.0,0.0,0.0,0.0
A100036,71,2602.77,0.0,617.31,1985.46,0.7628257587109118,0.0,SME,Industrial/B2B,Ground Economy,0.3565487345038505,30,88.16874599188357,-0.558440602539231,0.0,Tier 3 - Healthy,0.0,0.0,0.0,0.0,0.0
A100041,55,1726.77,0.0,467.27,1259.5,0.7293965032980652,0.0,Mid-Market,Industrial/B2B,Ground,0.4432863743309009,8,93.16517083820852,-0.3607638450217829,0.0,Tier 3 - Healthy,0.0,0.0,0.0,0.0,0.0
A100047,71,3343.9,0.0,600.99,2742.91,0.820272735428691,0.0,SME,Industrial/B2B,Ground,0.1443523279253686,15,79.57005097364546,-0.648668694716496,0.0,Tier 3 - Healthy,0.0,0.0,0.0,0.0,0.0
A100885,68,2726.02,0.0,562.82,2163.2,0.793537831710699,0.0,SME,Industrial/B2B,Ground,0.22795442437507,33,75.89994647648449,-0.521336928434889,0.0,Tier 3 - Healthy,0.0,0.0,0.0,0.0,0.0
A100888,81,3875.43,0.0,715.24,3160.19,0.8154424154222887,0.0,SME,Industrial/B2B,Ground Economy,0.1876411698598611,31,84.6119340955015,-0.6862893265890755,0.0,Tier 3 - Healthy,0.0,0.0,0.0,0.0,0.0
A100262,62,2754.81,0.0,514.36,2240.45,0.8132865787477176,0.0,SME,Industrial/B2B,Ground,0.1793499372987767,26,76.25389539928722,-0.3132563479494661,0.0,Tier 3 - Healthy,0.0,0.0,0.0,0.0,0.0
A100706,78,3118.33,0.0,666.4399999999999,2451.89,0.7862830425259674,0.0,Mid-Market,Industrial/B2B,Express,0.2967632760623229,38,78.51486385905736,-0.3890022008835776,0.0,Tier 3 - Healthy,0.0,0.0,0.0,0.0,0.0
A100703,74,1998.48,0.0,603.71,1394.77,0.6979154157159441,0.0,Mid-Market,Industrial/B2B,Ground,0.4887553039486638,4,79.90368722817261,-0.4656205634356929,0.0017,Tier 3 - Healthy,0.0,0.0,0.0,0.0,0.0
A100700,68,2952.19,0.0,546.87,2405.32,0.8147578577259594,0.0,SME,Industrial/B2B,Ground Economy,0.1571957786048788,30,72.25462223470021,-0.6346801186451455,0.0,Tier 3 - Healthy,0.0,0.0,0.0,0.0,0.0
A100680,56,1815.47,0.0,460.98,1354.49,0.7460822817231901,0.0,SME,Industrial/B2B,Ground,0.3973891180909866,41,74.69207186295439,-0.4391790327009083,0.0,Tier 3 - Healthy,0.0,0.0,0.0,0.0,0.0
A100312,51,663.85,0.0,242.38,421.46999999999997,0.6348873992618814,0.0,SME,Electronics,Ground Economy,0.3954861892474043,5,86.00464710042489,-0.5921904171843857,0.0521,Tier 3 - Healthy,0.0,0.0,0.0,0.0,0.0
A100677,60,2199.16,0.0,500.99,1698.17,0.7721902908383201,0.0,SME,Industrial/B2B,Ground Economy,0.3038278996958753,6,75.94502681633496,-0.5703179425482434,0.0,Tier 3 - Healthy,0.0,0.0,0.0,0.0,0.0
A100679,71,1866.66,0.0,540.34,1326.32,0.7105311090396751,0.0,SME,Industrial/B2B,Express,0.4335274731653188,29,79.93960957212053,-0.5022164137766959,0.0,Tier 3 - Healthy,0.0,0.0,0.0,0.0,0.0
A100302,59,1670.83,0.0,473.24,1197.59,0.7167635247152613,0.0,SME,Industrial/B2B,Ground,0.4465159945488327,20,48.86483173657025,-0.5434126749612765,0.0,Tier 3 - Healthy,0.0,0.0,0.0,0.0,0.0
A100307,64,643.51,0.0,287.24,356.27,0.5536355301393917,0.0,Mid-Market,Electronics,Express,0.4800047281319608,29,104.57476840847887,-0.4151409413206648,0.1171,Tier 3 - Healthy,0.0,0.0,0.0,0.0,0.0
A100293,57,1807.29,0.0,495.2,1312.09,0.7259985945808365,0.0,SME,Industrial/B2B,Ground Economy,0.4378184852817184,26,96.39251062620276,-0.514363351508552,0.0,Tier 3 - Healthy,0.0,0.0,0.0,0.0,0.0
A100311,59,2563.72,0.0,493.55,2070.17,0.8074867770271326,0.0,SME,Industrial/B2B,Ground,0.2030323998975581,32,82.84193632685552,-0.5587851110547213,0.0,Tier 3 - Healthy,0.0,0.0,0.0,0.0,0.0
A100671,59,821.5699999999999,0.0,264.03,557.54,0.6786275058729019,0.0,SME,Electronics,Express,0.2693830733307666,5,99.59603664306144,-0.6092862840947619,0.0171,Tier 3 - Healthy,0.0,0.0,0.0,0.0,0.0
A100662,71,1918.24,0.0,611.84,1306.4,0.681040954208024,0.0,SME,Industrial/B2B,Ground Economy,0.5261799152731609,5,80.06061053951578,-0.5806065285575132,0.0152,Tier 3 - Healthy,0.0,0.0,0.0,0.0,0.0
A100348,63,1741.71,0.0,519.17,1222.54,0.7019193780824592,0.0,SME,Industrial/B2B,Ground,0.4786003830959867,21,97.6465550077248,-0.5272869899801306,0.0,Tier 3 - Healthy,0.0,0.0,0.0,0.0,0.0
A100292,62,1914.32,0.0,503.17,1411.15,0.7371547076768775,0.0,Enterprise,Industrial/B2B,Ground,0.4069675756694491,12,72.46014947895358,-0.216962596225506,0.0,Tier 3 - Healthy,0.0,0.0,0.0,0.0,0.0
A100384,55,2145.91,0.0,446.33,1699.58,0.7920089845333681,0.0,SME,Industrial/B2B,Ground,0.2437804068962751,13,80.3387789842842,-0.5938558438237768,0.0,Tier 3 - Healthy,0.0,0.0,0.0,0.0,0.0
A100385,52,1976.91,0.0,428.59,1548.32,0.7832020678736007,0.0,Enterprise,Industrial/B2B,Ground Economy,0.3029590342765018,17,54.580215671722165,-0.1875064646952516,0.0,Tier 3 - Healthy,0.0,0.0,0.0,0.0,0.0
A100021,76,3097.76,0.0,614.67,2483.09,0.801575977480502,0.0,SME,Industrial/B2B,Ground,0.2191691113725738,18,94.10191306678468,-0.3782150974005354,0.0,Tier 3 - Healthy,0.0,0.0,0.0,0.0,0.0
A100660,78,2769.16,0.0,647.12,2122.04,0.7663118057461469,0.0,SME,Industrial/B2B,Express,0.3351540795765266,31,80.19171829647416,-0.4499926730408918,0.0,Tier 3 - Healthy,0.0,0.0,0.0,0.0,0.0
A100656,71,2303.99,0.0,570.62,1733.37,0.7523339945051845,0.0,Mid-Market,Industrial/B2B,Ground,0.3820372393931358,14,70.56969042165063,-0.3141886199776995,0.0,Tier 3 - Healthy,0.0,0.0,0.0,0.0,0.0
A100657,66,924.94,0.0,314.89,610.05,0.6595562955434946,0.0,SME,Electronics,Ground Economy,0.3642222062036599,40,52.09680787626553,-0.4762216506947307,0.0324,Tier 3 - Healthy,0.0,0.0,0.0,0.0,0.0
A100659,75,2665.86,0.0,583.25,2082.61,0.7812150675579362,0.0,SME,Industrial/B2B,Ground,0.275861768763405,39,82.355873706913,-0.5965912363254586,0.0,Tier 3 - Healthy,0.0,0.0,0.0,0.0,0.0
A100508,62,2329.04,0.0,517.81,1811.23,0.7776723456874935,0.0,SME,Industrial/B2B,Ground,0.3086083606946916,7,72.98319691775353,-0.5282137324756714,0.0,Tier 3 - Healthy,0.0,0.0,0.0,0.0,0.0
A100570,71,2891.85,0.0,593.41,2298.44,0.7947991769974239,0.0,SME,Industrial/B2B,Ground,0.2651654462134981,22,76.73099044319927,-0.5632777262708243,0.0,Tier 3 - Healthy,0.0,0.0,0.0,0.0,0.0
A100513,61,2282.07,0.0,541.37,1740.7,0.762772395237657,0.0,SME,Industrial/B2B,Ground Economy,0.3618499074550385,18,78.08873515948262,-0.4164436133043843,0.0,Tier 3 - Healthy,0.0,0.0,0.0,0.0,0.0
A100106,73,2309.78,0.0,619.72,1690.06,0.7316973910935239,0.0,SME,Industrial/B2B,Ground,0.436009284664355,16,89.6799226706592,-0.5846085249655516,0.0,Tier 3 - Healthy,0.0,0.0,0.0,0.0,0.0
A100160,64,2483.73,0.0,515.42,1968.31,0.7924814694028739,0.0,SME,Industrial/B2B,Ground,0.2556438875049352,41,94.9463182550488,-0.4572584072514403,0.0,Tier 3 - Healthy,0.0,0.0,0.0,0.0,0.0
A100113,88,3878.4900000000002,0.0,720.2,3158.29,0.8143091770250793,0.0,SME,Industrial/B2B,Ground,0.1580928179881835,3,77.60124065505107,-0.5034803391844223,0.0,Tier 3 - Healthy,0.0,0.0,0.0,0.0,0.0
A100409,55,1544.1,0.0,427.18,1116.92,0.7233469334887638,0.0,Enterprise,Industrial/B2B,Ground Economy,0.4088983180404648,14,63.61023944602314,-0.2505992667424142,0.0,Tier 3 - Healthy,0.0,0.0,0.0,0.0,0.0
A100287,73,2379.0099999999998,0.0,596.07,1782.94,0.7494461982084986,0.0,SME,Industrial/B2B,Ground Economy,0.4000719121669656,22,77.05074927793544,-0.3941246990004016,0.0,Tier 3 - Healthy,0.0,0.0,0.0,0.0,0.0
A100230,76,2589.9500000000003,0.0,638.36,1951.59,0.7535241993088668,0.0,SME,Industrial/B2B,Ground Economy,0.3772242420187274,40,84.43472135502368,-0.6002251561511638,0.0,Tier 3 - Healthy,0.0,0.0,0.0,0.0,0.0
A100197,72,2406.39,0.0,605.31,1801.08,0.7484572326181542,0.0,Mid-Market,Industrial/B2B,Ground Economy,0.3754330004632391,22,96.6409564766852,-0.4036788733267289,0.0,Tier 3 - Healthy,0.0,0.0,0.0,0.0,0.0
A100734,74,2829.4,0.0,592.92,2236.48,0.7904432035060437,0.0,SME,Industrial/B2B,Express,0.2616113060907781,37,75.69757866432887,-0.6696956760788106,0.0,Tier 3 - Healthy,0.0,0.0,0.0,0.0,0.0
A100722,77,3827.5,0.0,651.11,3176.39,0.8298863487916395,0.0,SME,Industrial/B2B,Ground Economy,0.0940786122422388,1,82.06439422085577,-0.6607300393187906,0.0,Tier 3 - Healthy,0.0,0.0,0.0,0.0,0.0
A100718,62,2290.82,0.0,495.13,1795.69,0.7838634200853842,0.0,Mid-Market,Industrial/B2B,Ground,0.2675585107028957,3,88.47895241040247,-0.3391755104386579,0.0,Tier 3 - Healthy,0.0,0.0,0.0,0.0,0.0
A100249,70,2482.53,0.0,537.1800000000001,1945.35,0.7836159079648584,0.0,SME,Industrial/B2B,Ground Economy,0.2802805690082926,36,79.17233013054755,-0.5717325840863032,0.0,Tier 3 - Healthy,0.0,0.0,0.0,0.0,0.0
A100242,64,1914.04,0.0,510.65000000000003,1403.39,0.7332082924076823,0.0,SME,Industrial/B2B,Ground,0.4093798745935457,1,98.78875018527592,-0.4326331364781457,0.0,Tier 3 - Healthy,0.0,0.0,0.0,0.0,0.0
A100234,79,3365.56,0.0,610.66,2754.9,0.8185561986712464,0.0,Enterprise,Industrial/B2B,Ground Economy,0.1304954150052119,27,87.84416163941748,-0.2462467286551715,0.0,Tier 3 - Healthy,0.0,0.0,0.0,0.0,0.0
A100198,67,2197.14,0.0,529.06,1668.08,0.7592051485112464,0.0,SME,Industrial/B2B,Ground,0.3430672302380625,28,95.45330404736296,-0.5557715836264385,0.0,Tier 3 - Healthy,0.0,0.0,0.0,0.0,0.0
A100748,70,2912.9,0.0,610.21,2302.69,0.7905146074358886,0.0,Mid-Market,Industrial/B2B,Ground Economy,0.2699381854011347,35,72.86599230280959,-0.1298204686627043,0.0,Tier 3 - Healthy,0.0,0.0,0.0,0.0,0.0
A100222,73,2444.18,0.0,602.6,1841.58,0.7534551465113044,0.0,Mid-Market,Industrial/B2B,Ground Economy,0.3832868323557288,38,57.77548534498418,-0.47155335212094,0.0,Tier 3 - Healthy,0.0,0.0,0.0,0.0,0.0
A100591,72,2942.93,0.0,624.71,2318.22,0.7877251582606449,0.0,SME,Industrial/B2B,Ground,0.2751122379719615,28,88.33810767142101,-0.5254855591785133,0.0,Tier 3 - Healthy,0.0,0.0,0.0,0.0,0.0
A100203,63,1993.67,0.0,496.2,1497.47,0.7511122703356122,0.0,SME,Industrial/B2B,Ground,0.3780395964858603,34,67.04445560773163,-0.5582261060467375,0.0,Tier 3 - Healthy,0.0,0.0,0.0,0.0,0.0
A100214,72,2519.57,0.0,601.26,1918.31,0.7613640422770551,0.0,Mid-Market,Industrial/B2B,Ground,0.3443398916400539,23,73.74625827614071,-0.3799333106266082,0.0,Tier 3 - Healthy,0.0,0.0,0.0,0.0,0.0
A100219,63,2310.79,0.0,506.45,1804.34,0.7808325291350576,0.0,SME,Industrial/B2B,Ground Economy,0.2860394974393431,24,56.93808661951019,-0.471867316764749,0.0,Tier 3 - Healthy,0.0,0.0,0.0,0.0,0.0
A100208,58,2057.15,0.0,444.23,1612.92,0.7840556109180177,0.0,SME,Industrial/B2B,Ground Economy,0.2579178614319411,25,84.04495344820499,-0.4894492246918506,0.0,Tier 3 - Healthy,0.0,0.0,0.0,0.0,0.0
A100266,68,2474.52,0.0,559.78,1914.74,0.7737823901201041,0.0,SME,Industrial/B2B,Ground,0.3241180020349177,20,89.56331544974964,-0.559297024034282,0.0,Tier 3 - Healthy,0.0,0.0,0.0,0.0,0.0
A100638,84,3740.25,0.0,658.15,3082.1,0.824035826482187,0.0,Mid-Market,Industrial/B2B,Ground,0.1090049353120028,34,73.75564420319289,-0.4612558582251481,0.0,Tier 3 - Healthy,0.0,0.0,0.0,0.0,0.0
A100622,85,3592.27,0.0,702.1,2890.17,0.804552553121007,0.0,Enterprise,Industrial/B2B,Ground,0.2107817672913041,25,90.7150501259826,-0.1465630148257665,0.0,Tier 3 - Healthy,0.0,0.0,0.0,0.0,0.0
A100363,57,1610.6,0.0,497.42,1113.18,0.6911585744443065,0.0,SME,Industrial/B2B,Ground,0.516612747137559,1,88.68606406390035,-0.6150604173393808,0.0071,Tier 3 - Healthy,0.0,0.0,0.0,0.0,0.0
A100357,73,3129.56,0.0,611.29,2518.27,0.8046722222932298,0.0,Mid-Market,Industrial/B2B,Ground Economy,0.1989947150310966,9,92.45575548607628,-0.3296928867990457,0.0,Tier 3 - Healthy,0.0,0.0,0.0,0.0,0.0
A100365,85,3231.95,0.0,714.66,2517.29,0.778876529649283,0.0,SME,Industrial/B2B,Ground Economy,0.2934639891685745,7,80.92269882815776,-0.6370338778143418,0.0,Tier 3 - Healthy,0.0,0.0,0.0,0.0,0.0
A100367,67,3315.75,0.0,567.76,2747.99,0.8287687551835934,0.0,Mid-Market,Industrial/B2B,Ground,0.1226317323591398,28,75.52114731962955,-0.5647517673876769,0.0,Tier 3 - Healthy,0.0,0.0,0.0,0.0,0.0
A100368,77,985.21,0.0,373.7,611.51,0.6206900051765613,0.0,SME,Electronics,Ground Economy,0.4260327204779694,33,71.28820793696067,-0.6369990299647218,0.0634,Tier 3 - Healthy,0.0,0.0,0.0,0.0,0.0
A100359,71,2145.54,0.0,553.96,1591.58,0.7418085889799304,0.0,SME,Industrial/B2B,Ground Economy,0.4019447572617898,13,90.47044105838572,-0.489258146563269,0.0,Tier 3 - Healthy,0.0,0.0,0.0,0.0,0.0
A100378,74,2321.34,0.0,618.5,1702.84,0.7335590650227884,0.0,SME,Industrial/B2B,Ground Economy,0.4257189270241366,37,84.12570260292195,-0.4475843038106277,0.0,Tier 3 - Healthy,0.0,0.0,0.0,0.0,0.0
A100404,60,2236.84,0.0,483.79,1753.05,0.7837172082044311,0.0,Enterprise,Industrial/B2B,Ground Economy,0.2707752911234614,16,78.78935782243813,-0.2499726265058216,0.0,Tier 3 - Healthy,0.0,0.0,0.0,0.0,0.0
A100419,68,2553.85,0.0,541.07,2012.78,0.7881355600368072,0.0,Enterprise,Industrial/B2B,Ground Economy,0.2528152260238794,17,73.57207907525847,-0.2404456518021429,0.0,Tier 3 - Healthy,0.0,0.0,0.0,0.0,0.0
A100415,77,475.51,0.0,255.27,220.24,0.4631658640196842,0.0,SME,Health/Beauty,Ground Economy,0.2748824642760585,20,110.72011441568472,-0.5584498818843102,0.1895,Tier 2 - Monitor,0.0,0.0,0.0,0.0,0.0
A100614,58,1756.34,0.0,469.52,1286.82,0.7326713506496464,0.0,SME,Industrial/B2B,Ground,0.4166129681004106,27,85.25819253637192,-0.5050729146186698,0.0,Tier 3 - Healthy,0.0,0.0,0.0,0.0,0.0
A100617,64,2639.19,0.0,549.13,2090.06,0.7919323731902591,0.0,SME,Industrial/B2B,Ground,0.2552540571520481,25,84.17348080558963,-0.5004425282090297,0.0,Tier 3 - Healthy,0.0,0.0,0.0,0.0,0.0
A100274,74,1480.38,0.0,351.72,1128.66,0.7624123535848903,0.0,Mid-Market,Electronics,Ground Economy,0.0964964502101333,7,80.33137962869843,-0.4571951265338205,0.0,Tier 3 - Healthy,0.0,0.0,0.0,0.0,0.0
A100285,69,2507.46,0.0,534.66,1972.8,0.7867722715417195,0.0,SME,Industrial/B2B,Ground Economy,0.2523753302636384,33,79.12738951888312,-0.4753230578186551,0.0,Tier 3 - Healthy,0.0,0.0,0.0,0.0,0.0
A100170,70,3533.21,0.0,648.05,2885.16,0.8165832203576917,0.0,SME,Industrial/B2B,Ground Economy,0.1823956668426851,34,61.92052307670113,-0.6341093324666093,0.0,Tier 3 - Healthy,0.0,0.0,0.0,0.0,0.0
A100769,58,1903.5,0.0,476.23,1427.27,0.7498135014447072,0.0,Mid-Market,Industrial/B2B,Express,0.3693431988183695,7,72.97924483242299,-0.2892003992770318,0.0,Tier 3 - Healthy,0.0,0.0,0.0,0.0,0.0
A100764,65,2028.39,0.0,550.62,1477.77,0.7285433274666114,0.0,Enterprise,Industrial/B2B,Ground,0.4251854860527519,24,88.73035694436264,-0.2777418793417277,0.0,Tier 3 - Healthy,0.0,0.0,0.0,0.0,0.0
A100765,79,3333.6,0.0,627.84,2705.76,0.8116630669546437,0.0,SME,Industrial/B2B,Ground Economy,0.1684308078486528,8,86.95441455542785,-0.6431904204737655,0.0,Tier 3 - Healthy,0.0,0.0,0.0,0.0,0.0
A100757,77,3036.98,0.0,615.02,2421.96,0.7974896113902628,0.0,Enterprise,Industrial/B2B,Ground Economy,0.2296120710419125,15,77.34549162501898,-0.2347225482989129,0.0,Tier 3 - Healthy,0.0,0.0,0.0,0.0,0.0
A100754,61,2218.5,0.0,452.87,1765.6299999999999,0.7958665765156637,0.0,Mid-Market,Industrial/B2B,Ground Economy,0.2152908279233545,27,53.70059097183329,-0.4334659398680445,0.0,Tier 3 - Healthy,0.0,0.0,0.0,0.0,0.0
A100438,79,3329.46,0.0,621.22,2708.24,0.8134171907756813,0.0,Mid-Market,Industrial/B2B,Ground Economy,0.1474645737992296,22,95.04483142870092,-0.4558027751598506,0.0,Tier 3 - Healthy,0.0,0.0,0.0,0.0,0.0
A100444,62,2433.96,0.0,511.56,1922.4,0.7898239905339447,0.0,SME,Industrial/B2B,Ground Economy,0.2677587568568976,37,78.72999826382973,-0.4806599741078642,0.0,Tier 3 - Healthy,0.0,0.0,0.0,0.0,0.0
A100427,66,905.36,0.0,308.28,597.08,0.6594945656976231,0.0,Mid-Market,Electronics,Ground Economy,0.345649197844354,29,108.48175285405377,-0.387673307870388,0.0324,Tier 3 - Healthy,0.0,0.0,0.0,0.0,0.0
A100434,58,1897.58,0.0,489.56,1408.02,0.7420082420767504,0.0,SME,Industrial/B2B,Ground,0.3970698782094763,15,77.81713469612274,-0.5353748404275701,0.0,Tier 3 - Healthy,0.0,0.0,0.0,0.0,0.0
A100435,63,1968.68,0.0,548.19,1420.49,0.7215443850701994,0.0,SME,Industrial/B2B,Express,0.4467623560803905,28,87.32952101840782,-0.5478195287338925,0.0,Tier 3 - Healthy,0.0,0.0,0.0,0.0,0.0
A100588,72,2235.84,0.0,540.19,1695.65,0.7583950551023328,0.0,SME,Industrial/B2B,Ground,0.3137253316031325,38,92.89804572962392,-0.6718367120738522,0.0,Tier 3 - Healthy,0.0,0.0,0.0,0.0,0.0
A100596,77,2435.79,0.0,610.65,1825.14,0.7493010481199118,0.0,Mid-Market,Industrial/B2B,Ground Economy,0.3745793759849953,36,95.87400659508492,-0.319512045207881,0.0,Tier 3 - Healthy,0.0,0.0,0.0,0.0,0.0
A100601,64,1858.6399999999999,0.0,514.7,1343.94,0.7230770886239402,0.0,Mid-Market,Industrial/B2B,Ground,0.4313659706741299,38,84.27983943103155,-0.418225015698866,0.0,Tier 3 - Healthy,0.0,0.0,0.0,0.0,0.0
A100420,57,794.77,0.0,257.86,536.91,0.6755539338424953,0.0,Mid-Market,Electronics,Ground Economy,0.2884210513844994,24,92.6415205738138,-0.4026477135709833,0.0196,Tier 3 - Healthy,0.0,0.0,0.0,0.0,0.0
A100425,71,2449.23,0.0,540.98,1908.25,0.7791224180660861,0.0,Mid-Market,Industrial/B2B,Ground Economy,0.2909934226062748,19,88.66632401327772,-0.4661921828129494,0.0,Tier 3 - Healthy,0.0,0.0,0.0,0.0,0.0
A100213,58,1619.31,0.0,471.92,1147.39,0.7085672292519655,0.0,Mid-Market,Industrial/B2B,Ground,0.456846939376513,32,99.33588490583502,-0.3036081220532302,0.0,Tier 3 - Healthy,0.0,0.0,0.0,0.0,0.0
A100853,59,2133.28,0.0,468.66,1664.62,0.7803101327533187,0.0,Enterprise,Industrial/B2B,Ground,0.291798551806479,30,72.38246565986451,-0.2652345687466743,0.0,Tier 3 - Healthy,0.0,0.0,0.0,0.0,0.0
A100850,61,864.95,0.0,277.81,587.14,0.6788138042661425,0.0,SME,Electronics,Express,0.2962740280902598,14,79.17918256494944,-0.4398248098453106,0.0169,Tier 3 - Healthy,0.0,0.0,0.0,0.0,0.0
A100847,63,837.92,0.0,299.87,538.05,0.6421257399274394,0.0,Mid-Market,Electronics,Ground,0.3932908557437534,10,110.2234309034748,-0.2825033211743233,0.0463,Tier 3 - Healthy,0.0,0.0,0.0,0.0,0.0
A100836,82,2649.43,0.0,664.19,1985.24,0.7493083417942727,0.0,Mid-Market,Industrial/B2B,Ground,0.3810742155796194,22,51.80870316440548,-0.3662419410820221,0.0,Tier 3 - Healthy,0.0,0.0,0.0,0.0,0.0
A100066,64,2193.25,0.0,500.67,1692.58,0.7717223298757552,0.0,SME,Industrial/B2B,Express,0.3023786941038024,21,87.58076915944174,-0.7058738125464318,0.0,Tier 3 - Healthy,0.0,0.0,0.0,0.0,0.0
A100857,50,1467.26,0.0,389.43,1077.83,0.7345869171108051,0.0,Mid-Market,Industrial/B2B,Ground,0.4203476290877664,28,57.36162540887868,-0.405778484994025,0.0,Tier 3 - Healthy,0.0,0.0,0.0,0.0,0.0
A100858,70,2331.84,0.0,618.15,1713.69,0.7349089131329765,0.0,SME,Industrial/B2B,Ground Economy,0.4279315656432121,8,73.50858267496356,-0.6045551964828513,0.0,Tier 3 - Healthy,0.0,0.0,0.0,0.0,0.0
A100474,68,2338.14,0.0,594.86,1743.28,0.745584096760673,0.0,SME,Industrial/B2B,Express,0.397952942077145,1,96.57942352622813,-0.4817753179073774,0.0,Tier 3 - Healthy,0.0,0.0,0.0,0.0,0.0
A100852,63,2708.79,0.0,532.78,2176.01,0.8033143949881683,0.0,Mid-Market,Industrial/B2B,Ground,0.2244688491180191,4,58.45365631582497,-0.3818419818576918,0.0,Tier 3 - Healthy,0.0,0.0,0.0,0.0,0.0
A100184,59,2885.47,0.0,541.86,2343.61,0.8122108356697524,0.0,Mid-Market,Industrial/B2B,Ground,0.2168797931560415,37,68.20336821348711,-0.367560693660811,0.0,Tier 3 - Healthy,0.0,0.0,0.0,0.0,0.0
A100064,64,1934.79,0.0,529.24,1405.55,0.7264612696985202,0.0,Mid-Market,Industrial/B2B,Ground,0.4386142502118831,36,66.6161618896232,-0.3368561372523913,0.0,Tier 3 - Healthy,0.0,0.0,0.0,0.0,0.0
A100182,55,1808.33,0.0,434.22,1374.11,0.7598778983924394,0.0,SME,Industrial/B2B,Express,0.349891815258415,37,68.48749327330626,-0.616148162566787,0.0,Tier 3 - Healthy,0.0,0.0,0.0,0.0,0.0
A100181,59,2702.41,0.0,495.45,2206.96,0.8166636446727181,0.0,Mid-Market,Industrial/B2B,Ground Economy,0.1659265503735918,31,68.42735488706877,-0.320239624375532,0.0,Tier 3 - Healthy,0.0,0.0,0.0,0.0,0.0
A100174,67,2574.36,0.0,548.91,2025.45,0.7867780729967836,0.0,SME,Industrial/B2B,Ground Economy,0.2666204060340791,30,76.41053102589721,-0.4897162207958993,0.0,Tier 3 - Healthy,0.0,0.0,0.0,0.0,0.0
A100173,59,2088.26,0.0,460.94,1627.32,0.779270780458372,0.0,Enterprise,Industrial/B2B,Ground Economy,0.2779491656563109,31,96.0923274603965,-0.2561400846833157,0.0,Tier 3 - Healthy,0.0,0.0,0.0,0.0,0.0
A100801,60,1469.91,0.0,475.48,994.4300000000001,0.676524413059303,0.0,SME,Industrial/B2B,Ground,0.5182260300145589,37,84.35617351279039,-0.5061548055596895,0.0188,Tier 3 - Healthy,0.0,0.0,0.0,0.0,0.0
A100800,58,1509.12,0.0,480.49,1028.63,0.6816091497031384,0.0,Mid-Market,Industrial/B2B,Ground,0.5125012801735852,18,90.51136381009664,-0.4284312043895641,0.0147,Tier 3 - Healthy,0.0,0.0,0.0,0.0,0.0
A100798,57,2115.67,0.0,482.03,1633.6399999999999,0.7721620101433587,0.0,Mid-Market,Industrial/B2B,Express,0.3300169637993473,18,68.84308556084076,-0.4018250204242165,0.0,Tier 3 - Healthy,0.0,0.0,0.0,0.0,0.0
A100477,61,2206.49,0.0,473.48,1733.01,0.7854148443908652,0.0,SME,Industrial/B2B,Ground Economy,0.2533249149793144,2,79.92625695220865,-0.3902799068505593,0.0,Tier 3 - Healthy,0.0,0.0,0.0,0.0,0.0
A100462,62,916.83,0.0,282.21,634.62,0.6921893917083864,0.0,Enterprise,Electronics,Ground,0.2677761520457493,19,73.38180728464476,-0.2266154347955162,0.0062,Tier 3 - Healthy,0.0,0.0,0.0,0.0,0.0
A100471,76,2714.22,0.0,637.09,2077.13,0.7652769488103397,0.0,SME,Industrial/B2B,Ground,0.3435119943151665,29,77.54798655962425,-0.5034037235340499,0.0,Tier 3 - Healthy,0.0,0.0,0.0,0.0,0.0
A100473,67,1758.31,0.0,531.82,1226.49,0.6975391142631276,0.0,SME,Industrial/B2B,Ground,0.4815982424162048,4,68.22337036832894,-0.6317934776986949,0.002,Tier 3 - Healthy,0.0,0.0,0.0,0.0,0.0
A100156,59,1823.63,0.0,465.47,1358.16,0.7447563376342788,0.0,SME,Industrial/B2B,Ground,0.3875606633164478,4,80.1325290700622,-0.4286223671201803,0.0,Tier 3 - Healthy,0.0,0.0,0.0,0.0,0.0
A100539,75,2809.72,0.0,689.34,2120.38,0.7546588272140997,0.0,Mid-Market,Industrial/B2B,Ground Economy,0.3827109600149165,22,85.31972473018693,-0.3652525959759161,0.0,Tier 3 - Healthy,0.0,0.0,0.0,0.0,0.0
A100538,71,2471.07,0.0,577.61,1893.46,0.7662510572343154,0.0,SME,Industrial/B2B,Ground,0.337711983000503,20,87.41427478616511,-0.6290771784368588,0.0,Tier 3 - Healthy,0.0,0.0,0.0,0.0,0.0
A100535,67,1941.4,0.0,514.66,1426.74,0.7349026475739157,0.0,SME,Industrial/B2B,Ground,0.3976807698865147,6,91.47895910924235,-0.662274380966857,0.0,Tier 3 - Healthy,0.0,0.0,0.0,0.0,0.0
A100546,84,3840.5,0.0,724.83,3115.67,0.8112667621403463,0.0,SME,Industrial/B2B,Express,0.1832057722618137,31,70.76536563319115,-0.4983028963402161,0.0,Tier 3 - Healthy,0.0,0.0,0.0,0.0,0.0
A100491,72,2331.88,0.0,595.91,1735.97,0.7444508293737242,0.0,Mid-Market,Industrial/B2B,Ground,0.3868417685286009,26,94.82651746688832,-0.4227614641219401,0.0,Tier 3 - Healthy,0.0,0.0,0.0,0.0,0.0
A100484,68,2149.42,0.0,540.93,1608.49,0.7483367606144913,0.0,SME,Industrial/B2B,Ground Economy,0.3746111830892447,23,80.0049320391726,-0.5232763959008946,0.0,Tier 3 - Healthy,0.0,0.0,0.0,0.0,0.0
A100133,65,2455.0,0.0,543.88,1911.12,0.7784602851323829,0.0,SME,Industrial/B2B,Ground,0.2955671144820471,16,79.58690617182026,-0.4335481764974647,0.0,Tier 3 - Healthy,0.0,0.0,0.0,0.0,0.0
A100148,55,1756.8700000000001,0.0,419.3,1337.57,0.7613369230506525,0.0,SME,Industrial/B2B,Ground Economy,0.3143558903112893,25,85.07017525426537,-0.535965166731762,0.0,Tier 3 - Healthy,0.0,0.0,0.0,0.0,0.0
A100812,63,2279.0,0.0,564.23,1714.77,0.752422114962703,0.0,Enterprise,Industrial/B2B,Ground,0.3904190345123167,27,40.0,-0.2083932676697853,0.0,Tier 3 - Healthy,0.0,0.0,0.0,0.0,0.0
A100014,62,2546.61,0.0,519.22,2027.3899999999999,0.7961132643003835,0.0,SME,Industrial/B2B,Ground,0.2373190894606926,9,78.81666081732004,-0.4812283396467335,0.0,Tier 3 - Healthy,0.0,0.0,0.0,0.0,0.0
A100817,63,986.85,0.0,318.56,668.29,0.6771951157724071,0.0,SME,Electronics,Express,0.3436324282028201,15,127.56458995374416,-0.5705195864763192,0.0182,Tier 3 - Healthy,0.0,0.0,0.0,0.0,0.0
A100813,73,1700.68,0.0,554.45,1146.23,0.6739833478373356,0.0,SME,Industrial/B2B,Ground,0.514086693918187,38,101.87546820667094,-0.5278053689238013,0.0208,Tier 3 - Healthy,0.0,0.0,0.0,0.0,0.0
A100830,66,1998.86,0.0,529.5,1469.36,0.7350990064336672,0.0,SME,Industrial/B2B,Ground Economy,0.4136400417014647,22,88.93398619863062,-0.4842509936043006,0.0,Tier 3 - Healthy,0.0,0.0,0.0,0.0,0.0
A100013,61,1812.76,0.0,505.36,1307.4,0.7212206800679627,0.0,Mid-Market,Industrial/B2B,Ground Economy,0.4486590131287233,8,85.06026083078557,-0.3171781893319791,0.0,Tier 3 - Healthy,0.0,0.0,0.0,0.0,0.0
A100834,67,1983.74,0.0,503.1,1480.64,0.7463881355419562,0.0,Mid-Market,Industrial/B2B,Ground,0.3750433510934785,37,89.35585185086357,-0.5265083529138421,0.0,Tier 3 - Healthy,0.0,0.0,0.0,0.0,0.0
A100819,68,2570.65,0.0,568.61,2002.04,0.7788069165386186,0.0,SME,Industrial/B2B,Express,0.2972234454418657,27,82.751089061055,-0.4995260971145668,0.0,Tier 3 - Healthy,0.0,0.0,0.0,0.0,0.0
A100012,60,2716.96,0.0,490.01,2226.95,0.8196476944820681,0.0,Mid-Market,Industrial/B2B,Ground,0.1302185500100223,6,73.24739953961868,-0.2963672063712543,0.0,Tier 3 - Healthy,0.0,0.0,0.0,0.0,0.0
A100011,59,2502.4900000000002,0.0,489.25,2013.24,0.8044947232556373,0.0,Enterprise,Industrial/B2B,Ground,0.214261325533672,27,94.59175125906312,-0.2384592122211428,0.0,Tier 3 - Healthy,0.0,0.0,0.0,0.0,0.0
A100081,62,2520.11,0.0,566.9,1953.21,0.7750495018074608,0.0,SME,Industrial/B2B,Ground,0.337570045616485,28,93.96801547812038,-0.4952736710626821,0.0,Tier 3 - Healthy,0.0,0.0,0.0,0.0,0.0
A100004,62,2370.54,0.0,476.78,1893.76,0.7988728306630557,0.0,SME,Industrial/B2B,Ground,0.2243163287120353,14,67.84238683948765,-0.5270347686751594,0.0,Tier 3 - Healthy,0.0,0.0,0.0,0.0,0.0
A100085,59,2015.82,0.0,443.13,1572.69,0.7801738250439028,0.0,SME,Industrial/B2B,Ground Economy,0.2614621498026956,18,92.93918864679586,-0.4964075353103627,0.0,Tier 3 - Healthy,0.0,0.0,0.0,0.0,0.0
A100090,56,988.1700000000001,0.0,267.63,720.54,0.7291660341844014,0.0,SME,Electronics,Ground Economy,0.1935569638822786,40,72.14994950296503,-0.5780163914185527,0.0,Tier 3 - Healthy,0.0,0.0,0.0,0.0,0.0
A100490,59,1732.57,0.0,435.08,1297.49,0.748881719064742,0.0,Mid-Market,Industrial/B2B,Express,0.356970592563913,7,76.76445985797831,-0.4815680848743008,0.0,Tier 3 - Healthy,0.0,0.0,0.0,0.0,0.0
A100096,62,1006.8,0.0,294.7,712.1,0.7072904251092571,0.0,SME,Electronics,Ground,0.279721705889376,35,102.18815246198037,-0.498833627499302,0.0,Tier 3 - Healthy,0.0,0.0,0.0,0.0,0.0
